event_id,date,site,event_datetime_utc,event_datetime_local,treatment,event_interaction,n_dolphins,n_dolphins_in_area,n_dolphins_interacting,dolphin_photoid,n_fishers_nets,n_fishers_line,fishers_number_tags,buzz_occurred,n_buzzes,fisher_success,n_nets_with_fish,n_fish_total,has_drone,event_number_in_drone,hydrophone_track_on_off,camera_photo,photoid_number,observation
20240521_100507_tesoura,2024-05-21,tesoura,2024-05-21T13:05:07Z,2024-05-21T13:05:07Z,cooperative,NA,1,1,1,NA,6,17,2;4,FALSE,0,TRUE,1,6,FALSE,NA,NA,NA,NA,Marcio
20240521_112351_tesoura,2024-05-21,tesoura,2024-05-21T14:23:51Z,2024-05-21T14:23:51Z,cooperative,2,1,4,1,NA,1,15,21,FALSE,0,FALSE,0,0,FALSE,NA,NA,NA,NA,NA
20240521_112445_tesoura,2024-05-21,tesoura,2024-05-21T14:24:45Z,2024-05-21T14:24:45Z,cooperative,2,1,4,1,NA,3,14,NA,FALSE,0,FALSE,0,0,TRUE,off 11:26:33,NA,NA,NA,NA
20240521_112625_tesoura,2024-05-21,tesoura,2024-05-21T14:26:25Z,2024-05-21T14:26:25Z,cooperative,NA,1,4,1,NA,1,15,NA,FALSE,0,FALSE,0,0,FALSE,NA,NA,NA,NA,NA
20240521_112647_tesoura,2024-05-21,tesoura,2024-05-21T14:26:47Z,2024-05-21T14:26:47Z,cooperative,NA,1,4,1,NA,1,15,NA,FALSE,0,FALSE,0,0,FALSE,NA,NA,NA,NA,NA
20240521_112927_tesoura,2024-05-21,tesoura,2024-05-21T14:29:27Z,2024-05-21T14:29:27Z,cooperative,NA,1,4,1,NA,2,15,NA,FALSE,0,FALSE,0,0,FALSE,NA,NA,NA,NA,NA
20240521_114624_tesoura,2024-05-21,tesoura,2024-05-21T14:46:24Z,2024-05-21T14:46:24Z,cooperative,NA,1,3,1,NA,2,8,NA,FALSE,0,TRUE,1,1,FALSE,NA,NA,NA,NA,NA
20240521_114803_tesoura,2024-05-21,tesoura,2024-05-21T14:48:03Z,2024-05-21T14:48:03Z,cooperative,NA,1,3,1,NA,1,11,NA,FALSE,0,FALSE,0,0,FALSE,NA,NA,NA,NA,NA
20240521_114810_tesoura,2024-05-21,tesoura,2024-05-21T14:48:10Z,2024-05-21T14:48:10Z,cooperative,NA,2,3,2,NA,2,11,NA,FALSE,0,FALSE,0,0,FALSE,NA,NA,NA,NA,NA
20240521_114833_tesoura,2024-05-21,tesoura,2024-05-21T14:48:33Z,2024-05-21T14:48:33Z,cooperative,NA,2,3,2,NA,5,11,21;6,FALSE,0,FALSE,0,0,FALSE,NA,NA,NA,NA,NA
20240521_115802_tesoura,2024-05-21,tesoura,2024-05-21T14:58:02Z,2024-05-21T14:58:02Z,cooperative,NA,2,3,2,NA,4,11,89,FALSE,0,FALSE,0,0,FALSE,NA,NA,NA,NA,NA
20240521_115852_tesoura,2024-05-21,tesoura,2024-05-21T14:58:52Z,2024-05-21T14:58:52Z,cooperative,NA,3,3,3,NA,2,11,NA,FALSE,0,FALSE,0,0,FALSE,NA,NA,NA,NA,NA
20240521_115855_tesoura,2024-05-21,tesoura,2024-05-21T14:58:55Z,2024-05-21T14:58:55Z,cooperative,NA,2,3,2,NA,1,11,NA,FALSE,0,FALSE,0,0,FALSE,NA,NA,NA,NA,NA
20240521_120006_tesoura,2024-05-21,tesoura,2024-05-21T15:00:06Z,2024-05-21T15:00:06Z,cooperative,NA,1,3,1,NA,1,13,NA,FALSE,0,FALSE,0,0,FALSE,NA,NA,NA,NA,NA
20240521_120016_tesoura,2024-05-21,tesoura,2024-05-21T15:00:16Z,2024-05-21T15:00:16Z,cooperative,NA,1,3,1,NA,1,13,NA,FALSE,0,FALSE,0,0,FALSE,NA,NA,NA,NA,NA
20240521_120328_tesoura,2024-05-21,tesoura,2024-05-21T15:03:28Z,2024-05-21T15:03:28Z,cooperative,NA,3,3,3,NA,5,5,89,FALSE,0,FALSE,0,0,FALSE,NA,NA,NA,NA,NA
20240521_120358_tesoura,2024-05-21,tesoura,2024-05-21T15:03:58Z,2024-05-21T15:03:58Z,cooperative,NA,3,3,3,NA,2,2,04;2,FALSE,0,FALSE,0,0,FALSE,NA,NA,NA,NA,NA
20240521_120841_tesoura,2024-05-21,tesoura,2024-05-21T15:08:41Z,2024-05-21T15:08:41Z,cooperative,NA,1,4,1,NA,3,14,2;23;21,FALSE,0,FALSE,0,0,FALSE,NA,NA,NA,NA,NA
20240521_121048_tesoura,2024-05-21,tesoura,2024-05-21T15:10:48Z,2024-05-21T15:10:48Z,cooperative,3,1,4,1,NA,2,14,NA,FALSE,0,FALSE,0,0,FALSE,NA,NA,NA,NA,NA
20240521_121303_tesoura,2024-05-21,tesoura,2024-05-21T15:13:03Z,2024-05-21T15:13:03Z,cooperative,3,1,4,1,NA,2,14,NA,FALSE,0,FALSE,0,0,FALSE,NA,NA,7D_LAG,3884,NA
20240521_121343_tesoura,2024-05-21,tesoura,2024-05-21T15:13:43Z,2024-05-21T15:13:43Z,cooperative,3,1,4,1,NA,3,14,21,FALSE,0,FALSE,0,0,FALSE,NA,NA,7D_LAG,3887,NA
20240521_121441_tesoura,2024-05-21,tesoura,2024-05-21T15:14:41Z,2024-05-21T15:14:41Z,cooperative,3,1,4,1,NA,1,12,NA,FALSE,0,FALSE,0,0,FALSE,NA,NA,7D_LAG,3896,NA
20240521_121530_tesoura,2024-05-21,tesoura,2024-05-21T15:15:30Z,2024-05-21T15:15:30Z,cooperative,3,1,4,1,NA,1,14,NA,FALSE,0,FALSE,0,0,FALSE,NA,NA,7D_LAG,3899,NA
20240521_122209_tesoura,2024-05-21,tesoura,2024-05-21T15:22:09Z,2024-05-21T15:22:09Z,cooperative,3,1,4,1,NA,1,12,NA,FALSE,0,FALSE,0,0,FALSE,NA,NA,7D_LAG,3904,NA
20240521_123114_tesoura,2024-05-21,tesoura,2024-05-21T15:31:14Z,2024-05-21T15:31:14Z,cooperative,4,1,3,1,NA,3,16,NA,FALSE,0,FALSE,0,0,FALSE,NA,NA,7D_LAG,3919,NA
20240521_123242_tesoura,2024-05-21,tesoura,2024-05-21T15:32:42Z,2024-05-21T15:32:42Z,cooperative,4,1,3,1,NA,1,14,NA,FALSE,0,FALSE,0,0,FALSE,NA,NA,7D_LAG,3926,NA
20240521_123309_tesoura,2024-05-21,tesoura,2024-05-21T15:33:09Z,2024-05-21T15:33:09Z,cooperative,4,1,3,1,NA,1,14,NA,FALSE,0,FALSE,0,0,FALSE,NA,NA,7D_LAG,3927,NA
20240521_123326_tesoura,2024-05-21,tesoura,2024-05-21T15:33:26Z,2024-05-21T15:33:26Z,cooperative,4,1,3,1,NA,1,14,NA,FALSE,0,FALSE,0,0,FALSE,NA,NA,7D_LAG,3928,NA
20240521_124124_tesoura,2024-05-21,tesoura,2024-05-21T15:41:24Z,2024-05-21T15:41:24Z,cooperative,NA,3,3,3,NA,4,14,6;2;4;23,FALSE,0,FALSE,0,0,FALSE,NA,NA,NA,NA,NA
20240521_124326_tesoura,2024-05-21,tesoura,2024-05-21T15:43:26Z,2024-05-21T15:43:26Z,cooperative,NA,3,3,3,NA,1,15,NA,FALSE,0,FALSE,0,0,FALSE,NA,NA,NA,NA,NA
20240521_124830_quarto,2024-05-21,quarto,2024-05-21T15:48:30Z,2024-05-21T15:48:30Z,cooperative,NA,1,2,1,NA,2,4,NA,FALSE,0,FALSE,0,0,FALSE,NA,NA,NA,NA,NA
20240521_125050_tesoura,2024-05-21,tesoura,2024-05-21T15:50:50Z,2024-05-21T15:50:50Z,cooperative,NA,1,3,1,NA,1,17,NA,FALSE,0,FALSE,0,0,FALSE,NA,NA,NA,NA,NA
20240521_125242_tesoura,2024-05-21,tesoura,2024-05-21T15:52:42Z,2024-05-21T15:52:42Z,cooperative,5,1,3,1,NA,2,16,89,FALSE,0,FALSE,0,0,FALSE,NA,NA,7D_LAG,3944-46,NA
20240521_125928_tesoura,2024-05-21,tesoura,2024-05-21T15:59:28Z,2024-05-21T15:59:28Z,cooperative,5,1,4,1,NA,2,15,NA,FALSE,0,FALSE,0,0,FALSE,NA,NA,7D_LAG,3958,NA
20240521_130341_tesoura,2024-05-21,tesoura,2024-05-21T16:03:41Z,2024-05-21T16:03:41Z,cooperative,5,1,4,1,NA,4,12,89;4;6;23,FALSE,0,FALSE,0,0,FALSE,NA,NA,NA,NA,NA
20240521_130545_quarto,2024-05-21,quarto,2024-05-21T16:05:45Z,2024-05-21T16:05:45Z,cooperative,NA,1,4,1,NA,2,6,14,FALSE,0,FALSE,0,0,FALSE,NA,NA,NA,NA,NA
20240521_131915_tesoura,2024-05-21,tesoura,2024-05-21T16:19:15Z,2024-05-21T16:19:15Z,cooperative,6,1,4,1,NA,4,14,4;6;2,FALSE,0,FALSE,0,0,FALSE,NA,NA,7D_LAG,3985-87,NA
20240521_133414_tesoura,2024-05-21,tesoura,2024-05-21T16:34:14Z,2024-05-21T16:34:14Z,cooperative,7,2,3,2,NA,1,14,NA,FALSE,0,TRUE,1,1,FALSE,NA,NA,7D_TRA,324,NA
20240521_133553_tesoura,2024-05-21,tesoura,2024-05-21T16:35:53Z,2024-05-21T16:35:53Z,cooperative,7,1,3,1,NA,2,13,NA,FALSE,0,TRUE,1,7,FALSE,NA,NA,NA,NA,NA
20240521_133637_tesoura,2024-05-21,tesoura,2024-05-21T16:36:37Z,2024-05-21T16:36:37Z,cooperative,7,1,3,1,NA,2,13,NA,FALSE,0,FALSE,0,0,FALSE,NA,NA,NA,NA,NA
20240521_133657_tesoura,2024-05-21,tesoura,2024-05-21T16:36:57Z,2024-05-21T16:36:57Z,cooperative,7,1,3,1,NA,2,13,NA,FALSE,0,FALSE,0,0,FALSE,NA,NA,NA,NA,NA
20240521_133711_tesoura,2024-05-21,tesoura,2024-05-21T16:37:11Z,2024-05-21T16:37:11Z,cooperative,7,1,3,1,NA,1,13,NA,FALSE,0,FALSE,0,0,FALSE,NA,NA,NA,NA,NA
20240521_133903_tesoura,2024-05-21,tesoura,2024-05-21T16:39:03Z,2024-05-21T16:39:03Z,cooperative,7,1,3,1,NA,1,13,NA,FALSE,0,TRUE,1,1,FALSE,NA,NA,NA,NA,NA
20240521_134130_tesoura,2024-05-21,tesoura,2024-05-21T16:41:30Z,2024-05-21T16:41:30Z,cooperative,7,1,3,1,NA,3,14,89,TRUE,1,FALSE,0,0,FALSE,NA,off,7D_LAG,4004,NA
20240521_134227_tesoura,2024-05-21,tesoura,2024-05-21T16:42:27Z,2024-05-21T16:42:27Z,cooperative,7,1,3,1,NA,2,14,6;20,FALSE,0,FALSE,0,0,FALSE,NA,NA,NA,NA,NA
20240521_134254_tesoura,2024-05-21,tesoura,2024-05-21T16:42:54Z,2024-05-21T16:42:54Z,cooperative,7,1,3,1,NA,1,17,NA,FALSE,0,FALSE,0,0,FALSE,NA,NA,NA,NA,NA
20240521_134309_tesoura,2024-05-21,tesoura,2024-05-21T16:43:09Z,2024-05-21T16:43:09Z,cooperative,7,1,3,1,NA,1,17,NA,TRUE,1,FALSE,0,0,FALSE,NA,off,7D_LAG,4014,NA
20240521_134320_tesoura,2024-05-21,tesoura,2024-05-21T16:43:20Z,2024-05-21T16:43:20Z,cooperative,7,1,3,1,NA,1,17,NA,FALSE,0,FALSE,0,0,FALSE,NA,NA,NA,NA,NA
20240521_134333_tesoura,2024-05-21,tesoura,2024-05-21T16:43:33Z,2024-05-21T16:43:33Z,cooperative,7,1,3,1,NA,1,17,4;2;23,FALSE,0,TRUE,1,57,FALSE,NA,NA,NA,NA,NA
20240521_134436_tesoura,2024-05-21,tesoura,2024-05-21T16:44:36Z,2024-05-21T16:44:36Z,cooperative,7,1,3,1,NA,2,16,23,FALSE,0,FALSE,0,0,FALSE,NA,NA,NA,NA,NA
20240521_134522_tesoura,2024-05-21,tesoura,2024-05-21T16:45:22Z,2024-05-21T16:45:22Z,cooperative,7,1,3,1,NA,3,16,NA,TRUE,1,TRUE,1,1,FALSE,NA,off,7D_LAG,4019,NA
20240521_134908_quarto,2024-05-21,quarto,2024-05-21T16:49:08Z,2024-05-21T16:49:08Z,cooperative,7,1,2,1,NA,2,5,14,FALSE,0,FALSE,0,0,FALSE,NA,NA,NA,NA,NA
20240521_140132_tesoura,2024-05-21,tesoura,2024-05-21T17:01:32Z,2024-05-21T17:01:32Z,cooperative,NA,1,2,1,NA,4,21,4,FALSE,0,FALSE,0,0,FALSE,NA,NA,NA,NA,NA
20240521_141818_quarto,2024-05-21,quarto,2024-05-21T17:18:18Z,2024-05-21T17:18:18Z,cooperative,NA,1,3,1,NA,4,8,6,FALSE,0,FALSE,0,0,FALSE,NA,NA,NA,NA,NA
20240521_142609_tesoura,2024-05-21,tesoura,2024-05-21T17:26:09Z,2024-05-21T17:26:09Z,cooperative,NA,1,1,1,NA,4,19,NA,FALSE,0,FALSE,0,0,FALSE,NA,NA,NA,NA,NA
20240521_142634_tesoura,2024-05-21,tesoura,2024-05-21T17:26:34Z,2024-05-21T17:26:34Z,cooperative,NA,1,1,1,NA,2,19,14,FALSE,0,FALSE,0,0,FALSE,NA,NA,NA,NA,NA
20240521_142706_tesoura,2024-05-21,tesoura,2024-05-21T17:27:06Z,2024-05-21T17:27:06Z,cooperative,NA,1,1,1,NA,2,19,NA,FALSE,0,TRUE,1,2,FALSE,NA,NA,NA,NA,NA
20240521_142808_tesoura,2024-05-21,tesoura,2024-05-21T17:28:08Z,2024-05-21T17:28:08Z,cooperative,NA,1,1,1,NA,2,19,NA,FALSE,0,TRUE,1,1,FALSE,NA,NA,NA,NA,NA
20240521_142851_quarto,2024-05-21,quarto,2024-05-21T17:28:51Z,2024-05-21T17:28:51Z,cooperative,NA,1,1,1,NA,2,10,NA,FALSE,0,FALSE,0,0,FALSE,NA,NA,NA,NA,NA
20240521_143110_tesoura,2024-05-21,tesoura,2024-05-21T17:31:10Z,2024-05-21T17:31:10Z,cooperative,8,1,3,1,NA,3,20,4;23,FALSE,0,FALSE,0,0,FALSE,NA,on 14:34:20,NA,NA,NA
20240521_143458_tesoura,2024-05-21,tesoura,2024-05-21T17:34:58Z,2024-05-21T17:34:58Z,cooperative,8,1,4,1,NA,2,19,2;6,FALSE,0,FALSE,0,0,FALSE,NA,NA,NA,NA,NA
20240521_143550_tesoura,2024-05-21,tesoura,2024-05-21T17:35:50Z,2024-05-21T17:35:50Z,cooperative,8,1,5,1,NA,3,21,NA,FALSE,0,FALSE,0,0,FALSE,NA,14:35:00,NA,NA,NA
20240521_143608_tesoura,2024-05-21,tesoura,2024-05-21T17:36:08Z,2024-05-21T17:36:08Z,cooperative,8,1,5,1,NA,2,21,23,FALSE,0,FALSE,0,0,FALSE,NA,NA,NA,NA,NA
20240521_143630_tesoura,2024-05-21,tesoura,2024-05-21T17:36:30Z,2024-05-21T17:36:30Z,cooperative,8,1,5,1,NA,1,21,NA,FALSE,0,FALSE,0,0,FALSE,NA,NA,7D_LAG,4057,NA
20240521_143637_tesoura,2024-05-21,tesoura,2024-05-21T17:36:37Z,2024-05-21T17:36:37Z,cooperative,8,1,5,1,NA,3,21,6,FALSE,0,FALSE,0,0,FALSE,NA,NA,NA,NA,NA
20240521_143925_tesoura,2024-05-21,tesoura,2024-05-21T17:39:25Z,2024-05-21T17:39:25Z,cooperative,8,1,5,1,NA,4,21,14,FALSE,0,TRUE,1,1,FALSE,NA,NA,7D_LAG,4044,NA
20240521_144135_tesoura,2024-05-21,tesoura,2024-05-21T17:41:35Z,2024-05-21T17:41:35Z,cooperative,8,1,4,1,NA,3,20,14,FALSE,0,FALSE,0,0,FALSE,NA,NA,NA,NA,NA
20240521_144207_tesoura,2024-05-21,tesoura,2024-05-21T17:42:07Z,2024-05-21T17:42:07Z,cooperative,8,1,4,1,NA,2,20,NA,TRUE,1,FALSE,0,0,TRUE,on,on,7D_LAG,4047,NA
20240521_144230_tesoura,2024-05-21,tesoura,2024-05-21T17:42:30Z,2024-05-21T17:42:30Z,cooperative,8,1,4,1,NA,3,20,4;23,FALSE,0,TRUE,1,1,FALSE,NA,NA,7D_LAG,4048,NA
20240521_144308_tesoura,2024-05-21,tesoura,2024-05-21T17:43:08Z,2024-05-21T17:43:08Z,cooperative,8,1,4,1,NA,2,20,NA,FALSE,0,FALSE,0,0,FALSE,NA,NA,7D_LAG,4050-53,NA
20240521_144345_tesoura,2024-05-21,tesoura,2024-05-21T17:43:45Z,2024-05-21T17:43:45Z,cooperative,8,1,4,1,NA,3,20,4;6;20,FALSE,0,FALSE,0,0,FALSE,NA,NA,NA,NA,NA
20240521_144435_tesoura,2024-05-21,tesoura,2024-05-21T17:44:35Z,2024-05-21T17:44:35Z,cooperative,8,1,4,1,NA,2,20,NA,FALSE,0,FALSE,0,0,FALSE,NA,NA,7D_LAG,4056,NA
20240521_144456_tesoura,2024-05-21,tesoura,2024-05-21T17:44:56Z,2024-05-21T17:44:56Z,cooperative,8,1,4,1,NA,3,20,23;6,TRUE,1,FALSE,0,0,FALSE,NA,off 14:48:00,NA,NA,NA
20240521_145150_quarto,2024-05-21,quarto,2024-05-21T17:51:50Z,2024-05-21T17:51:50Z,cooperative,NA,1,4,1,NA,2,20,NA,TRUE,1,TRUE,2,9,FALSE,NA,off,NA,NA,NA
20240521_145350_tesoura,2024-05-21,tesoura,2024-05-21T17:53:50Z,2024-05-21T17:53:50Z,cooperative,NA,1,4,1,NA,2,23,NA,FALSE,0,FALSE,0,0,FALSE,NA,NA,NA,NA,NA
20240521_145550_tesoura,2024-05-21,tesoura,2024-05-21T17:55:50Z,2024-05-21T17:55:50Z,cooperative,NA,1,4,1,NA,3,23,NA,FALSE,0,FALSE,0,0,FALSE,NA,NA,NA,NA,NA
20240521_145742_quarto,2024-05-21,quarto,2024-05-21T17:57:42Z,2024-05-21T17:57:42Z,cooperative,NA,1,3,1,NA,3,23,NA,FALSE,0,FALSE,0,0,FALSE,NA,NA,NA,NA,NA
20240521_145821_quarto,2024-05-21,quarto,2024-05-21T17:58:21Z,2024-05-21T17:58:21Z,cooperative,NA,1,3,1,NA,2,23,NA,FALSE,0,FALSE,0,0,FALSE,NA,NA,NA,NA,NA
20240521_145939_quarto,2024-05-21,quarto,2024-05-21T17:59:39Z,2024-05-21T17:59:39Z,cooperative,NA,1,3,1,NA,2,23,NA,FALSE,0,FALSE,0,0,FALSE,NA,NA,NA,NA,NA
20240521_150058_tesoura,2024-05-21,tesoura,2024-05-21T18:00:58Z,2024-05-21T18:00:58Z,cooperative,NA,1,3,1,NA,3,24,NA,FALSE,0,FALSE,0,0,FALSE,NA,NA,NA,NA,NA
20240521_150113_tesoura,2024-05-21,tesoura,2024-05-21T18:01:13Z,2024-05-21T18:01:13Z,cooperative,NA,1,3,1,NA,4,24,4;6;20,FALSE,0,FALSE,0,0,FALSE,NA,NA,NA,NA,NA
20240521_150148_tesoura,2024-05-21,tesoura,2024-05-21T18:01:48Z,2024-05-21T18:01:48Z,cooperative,NA,1,3,1,NA,2,24,NA,FALSE,0,TRUE,1,1,FALSE,NA,NA,NA,NA,NA
20240521_150155_tesoura,2024-05-21,tesoura,2024-05-21T18:01:55Z,2024-05-21T18:01:55Z,cooperative,NA,1,3,1,NA,2,24,NA,FALSE,0,TRUE,1,3,FALSE,NA,NA,NA,NA,NA
20240521_150520_tesoura,2024-05-21,tesoura,2024-05-21T18:05:20Z,2024-05-21T18:05:20Z,cooperative,NA,1,2,1,NA,5,20,14,FALSE,0,FALSE,0,0,FALSE,NA,NA,NA,NA,NA
20240521_150554_tesoura,2024-05-21,tesoura,2024-05-21T18:05:54Z,2024-05-21T18:05:54Z,cooperative,NA,1,2,1,NA,3,18,21,FALSE,0,FALSE,0,0,FALSE,NA,NA,NA,NA,NA
20240521_150640_tesoura,2024-05-21,tesoura,2024-05-21T18:06:40Z,2024-05-21T18:06:40Z,cooperative,NA,1,2,1,NA,1,18,NA,FALSE,0,TRUE,1,2,FALSE,NA,NA,NA,NA,NA
20240521_150728_tesoura,2024-05-21,tesoura,2024-05-21T18:07:28Z,2024-05-21T18:07:28Z,cooperative,NA,1,4,1,NA,5,18,4;6,FALSE,0,TRUE,1,1,FALSE,NA,#85,NA,NA,Ronaldo
20240521_151633_tesoura,2024-05-21,tesoura,2024-05-21T18:16:33Z,2024-05-21T18:16:33Z,cooperative,9,1,2,1,NA,3,20,4,TRUE,1,FALSE,0,0,FALSE,NA,on 15:11:00,7D_LAG,4071,NA
20240521_152105_tesoura,2024-05-21,tesoura,2024-05-21T18:21:05Z,2024-05-21T18:21:05Z,cooperative,9,1,2,1,NA,3,17,NA,FALSE,0,FALSE,0,0,FALSE,NA,NA,NA,NA,NA
20240522_103220_quarto,2024-05-22,quarto,2024-05-22T13:32:20Z,2024-05-22T13:32:20Z,cooperative,1,1,2,1,NA,5,11,NA,FALSE,0,TRUE,1,10,TRUE,OFF,NA,NA,NA,NA
20240522_103348_quarto,2024-05-22,quarto,2024-05-22T13:33:48Z,2024-05-22T13:33:48Z,cooperative,1,1,2,1,NA,1,11,NA,FALSE,0,FALSE,0,0,TRUE,OFF,NA,NA,NA,NA
20240522_103741_tesoura,2024-05-22,tesoura,2024-05-22T13:37:41Z,2024-05-22T13:37:41Z,cooperative,1,1,2,1,NA,3,11,2;97,FALSE,0,FALSE,0,0,TRUE,OFF,NA,NA,NA,NA
20240522_104835_quarto,2024-05-22,quarto,2024-05-22T13:48:35Z,2024-05-22T13:48:35Z,cooperative,1,1,2,1,33,1,10,NA,FALSE,0,FALSE,0,0,TRUE,OFF,NA,7D_LAG,4099,NA
20240522_111242_tesoura,2024-05-22,tesoura,2024-05-22T14:12:42Z,2024-05-22T14:12:42Z,cooperative,2,1,2,1,74,2,14,NA,FALSE,0,FALSE,0,0,TRUE,OFF,NA,NA,NA,NA
20240522_111323_tesoura,2024-05-22,tesoura,2024-05-22T14:13:23Z,2024-05-22T14:13:23Z,cooperative,2,2,2,2,33;74,7,14,79;97,FALSE,0,TRUE,1,1,TRUE,OFF,NA,NA,NA,NA
20240522_112222_tesoura,2024-05-22,tesoura,2024-05-22T14:22:22Z,2024-05-22T14:22:22Z,cooperative,2,2,3,2,74;NI,1,13,NA,FALSE,0,FALSE,0,0,TRUE,OFF,NA,NA,NA,NA
20240522_113135_quarto,2024-05-22,quarto,2024-05-22T14:31:35Z,2024-05-22T14:31:35Z,cooperative,NA,1,3,1,NA,2,8,NA,FALSE,0,FALSE,0,0,TRUE,OFF,NA,7D_LAG,4190,NA
20240522_113319_quarto,2024-05-22,quarto,2024-05-22T14:33:19Z,2024-05-22T14:33:19Z,cooperative,NA,1,3,1,NA,1,8,NA,FALSE,0,FALSE,0,0,TRUE,OFF,NA,NA,NA,CHECK PHOTO-ID FOR THE CORRECT TIMESTAMP
20240522_113226_quarto,2024-05-22,quarto,2024-05-22T14:32:26Z,2024-05-22T14:32:26Z,cooperative,NA,1,3,1,NA,3,8,NA,FALSE,0,FALSE,0,0,TRUE,OFF,NA,NA,NA,CHECK PHOTO-ID FOR THE CORRECT TIMESTAMP
20240522_113435_quarto,2024-05-22,quarto,2024-05-22T14:34:35Z,2024-05-22T14:34:35Z,cooperative,NA,1,3,1,NA,1,8,NA,FALSE,0,FALSE,0,0,TRUE,OFF,NA,7D_LAG,4193,CHECK PHOTO-ID FOR THE CORRECT TIMESTAMP
20240522_113533_quarto,2024-05-22,quarto,2024-05-22T14:35:33Z,2024-05-22T14:35:33Z,cooperative,NA,1,3,1,NA,2,8,NA,FALSE,0,FALSE,0,0,TRUE,OFF,NA,NA,NA,NA
20240522_113635_quarto,2024-05-22,quarto,2024-05-22T14:36:35Z,2024-05-22T14:36:35Z,cooperative,NA,1,3,1,NA,1,10,NA,FALSE,0,FALSE,0,0,TRUE,OFF,NA,NA,NA,NA
20240522_113701_quarto,2024-05-22,quarto,2024-05-22T14:37:01Z,2024-05-22T14:37:01Z,cooperative,NA,1,3,1,NA,1,10,NA,FALSE,0,FALSE,0,0,TRUE,OFF,NA,NA,NA,NA
20240522_113839_quarto,2024-05-22,quarto,2024-05-22T14:38:39Z,2024-05-22T14:38:39Z,cooperative,NA,1,3,1,NA,2,10,NA,FALSE,0,FALSE,0,0,TRUE,OFF,NA,NA,NA,NA
20240522_113933_quarto,2024-05-22,quarto,2024-05-22T14:39:33Z,2024-05-22T14:39:33Z,cooperative,NA,1,3,1,NA,2,10,NA,FALSE,0,FALSE,0,0,TRUE,OFF,NA,NA,NA,NA
20240522_114037_quarto,2024-05-22,quarto,2024-05-22T14:40:37Z,2024-05-22T14:40:37Z,cooperative,NA,1,3,1,NA,1,9,NA,FALSE,0,FALSE,0,0,TRUE,OFF,NA,NA,NA,NA
20240522_114141_quarto,2024-05-22,quarto,2024-05-22T14:41:41Z,2024-05-22T14:41:41Z,cooperative,NA,1,3,1,NI,2,10,NA,FALSE,0,TRUE,1,1,TRUE,OFF,NA,NA,NA,NA
20240522_114304_quarto,2024-05-22,quarto,2024-05-22T14:43:04Z,2024-05-22T14:43:04Z,cooperative,NA,1,3,1,NA,3,9,NA,FALSE,0,FALSE,0,0,TRUE,OFF,NA,NA,NA,NA
20240522_114335_quarto,2024-05-22,quarto,2024-05-22T14:43:35Z,2024-05-22T14:43:35Z,cooperative,NA,1,3,1,NA,3,9,NA,FALSE,0,FALSE,0,0,TRUE,OFF,NA,NA,NA,NA
20240522_115209_tesoura,2024-05-22,tesoura,2024-05-22T14:52:09Z,2024-05-22T14:52:09Z,cooperative,NA,1,3,1,33,6,10,6;79;21;2,FALSE,0,TRUE,3,197,TRUE,OFF,NA,NA,NA,NA
20240522_115345_tesoura,2024-05-22,tesoura,2024-05-22T14:53:45Z,2024-05-22T14:53:45Z,cooperative,3,1,3,1,NI,1,10,NA,FALSE,0,FALSE,0,0,TRUE,OFF,NA,NA,NA,NA
20240522_115515_tesoura,2024-05-22,tesoura,2024-05-22T14:55:15Z,2024-05-22T14:55:15Z,cooperative,NA,2,3,2,NA,1,13,4,FALSE,0,FALSE,0,0,TRUE,OFF,NA,NA,NA,NA
20240522_120025_quarto,2024-05-22,quarto,2024-05-22T15:00:25Z,2024-05-22T15:00:25Z,cooperative,NA,1,3,1,NA,3,4,NA,FALSE,0,FALSE,0,0,TRUE,OFF,NA,NA,NA,NA
20240522_120146_quarto,2024-05-22,quarto,2024-05-22T15:01:46Z,2024-05-22T15:01:46Z,cooperative,NA,1,3,1,NA,2,9,NA,FALSE,0,TRUE,1,1,TRUE,OFF,NA,NA,NA,NA
20240522_120204_quarto,2024-05-22,quarto,2024-05-22T15:02:04Z,2024-05-22T15:02:04Z,cooperative,NA,1,3,1,NA,1,9,NA,FALSE,0,FALSE,0,0,TRUE,OFF,NA,NA,NA,NA
20240522_123214_tesoura,2024-05-22,tesoura,2024-05-22T15:32:14Z,2024-05-22T15:32:14Z,cooperative,NA,1,1,1,NA,4,16,NA,FALSE,0,FALSE,0,0,TRUE,OFF,NA,NA,NA,NA
20240522_125438_tesoura,2024-05-22,tesoura,2024-05-22T15:54:38Z,2024-05-22T15:54:38Z,cooperative,NA,1,1,1,NA,6,14,21,FALSE,0,FALSE,0,0,TRUE,OFF,on 12:57:00,NA,NA,NA
20240522_135656_tesoura,2024-05-22,tesoura,2024-05-22T16:56:56Z,2024-05-22T16:56:56Z,cooperative,NA,1,3,1,NA,6,15,6;2;97,FALSE,0,TRUE,3,125,TRUE,OFF,off,NA,NA,NA
20240522_140038_tesoura,2024-05-22,tesoura,2024-05-22T17:00:38Z,2024-05-22T17:00:38Z,cooperative,7,1,3,1,NA,1,15,NA,FALSE,0,FALSE,0,0,TRUE,OFF,off,NA,NA,NA
20240522_140250_tesoura,2024-05-22,tesoura,2024-05-22T17:02:50Z,2024-05-22T17:02:50Z,cooperative,7,1,3,1,NA,2,15,NA,FALSE,0,FALSE,0,0,TRUE,OFF,NA,NA,NA,NA
20240522_140619_tesoura,2024-05-22,tesoura,2024-05-22T17:06:19Z,2024-05-22T17:06:19Z,cooperative,7,1,3,1,NA,3,15,NA,FALSE,0,TRUE,1,1,TRUE,OFF,NA,NA,NA,NA
20240522_143235_quarto,2024-05-22,quarto,2024-05-22T17:32:35Z,2024-05-22T17:32:35Z,cooperative,NA,1,6,1,NA,5,9,NA,FALSE,0,FALSE,0,0,TRUE,OFF,NA,NA,NA,NA
20240522_144608_quarto,2024-05-22,quarto,2024-05-22T17:46:08Z,2024-05-22T17:46:08Z,cooperative,8,1,6,1,NA,1,7,NA,FALSE,0,FALSE,0,0,TRUE,OFF,NA,NA,NA,NA
20240522_144631_quarto,2024-05-22,quarto,2024-05-22T17:46:31Z,2024-05-22T17:46:31Z,cooperative,8,1,6,1,NA,1,10,NA,FALSE,0,FALSE,0,0,TRUE,OFF,NA,NA,NA,NA
20240522_144644_quarto,2024-05-22,quarto,2024-05-22T17:46:44Z,2024-05-22T17:46:44Z,cooperative,8,1,6,1,NA,3,10,NA,FALSE,0,FALSE,0,0,TRUE,OFF,NA,NA,NA,NA
20240522_144709_quarto,2024-05-22,quarto,2024-05-22T17:47:09Z,2024-05-22T17:47:09Z,cooperative,8,2,6,2,NA,2,10,NA,FALSE,0,FALSE,0,0,TRUE,OFF,NA,7D_LAG,4341,NA
20240522_144853_tesoura,2024-05-22,tesoura,2024-05-22T17:48:53Z,2024-05-22T17:48:53Z,cooperative,8,1,6,1,NA,3,17,NA,FALSE,0,FALSE,0,0,TRUE,OFF,NA,7D_LAG,4344,NA
20240522_145102_quarto,2024-05-22,quarto,2024-05-22T17:51:02Z,2024-05-22T17:51:02Z,cooperative,8,1,6,1,NA,1,11,NA,FALSE,0,FALSE,0,0,TRUE,OFF,NA,NA,NA,NA
20240522_145144_quarto,2024-05-22,quarto,2024-05-22T17:51:44Z,2024-05-22T17:51:44Z,cooperative,8,1,6,1,NA,1,14,NA,FALSE,0,FALSE,0,0,TRUE,OFF,NA,NA,NA,NA
20240522_145156_quarto,2024-05-22,quarto,2024-05-22T17:51:56Z,2024-05-22T17:51:56Z,cooperative,8,2,5,2,NA,1,14,NA,FALSE,0,FALSE,0,0,TRUE,OFF,NA,NA,NA,NA
20240522_145200_tesoura,2024-05-22,tesoura,2024-05-22T17:52:00Z,2024-05-22T17:52:00Z,cooperative,8,1,6,1,NA,2,17,NA,FALSE,0,FALSE,0,0,TRUE,OFF,NA,NA,NA,NA
20240522_150109_quarto,2024-05-22,quarto,2024-05-22T18:01:09Z,2024-05-22T18:01:09Z,cooperative,NA,1,6,1,NA,3,11,NA,FALSE,0,FALSE,0,0,TRUE,OFF,NA,NA,NA,NA
20240522_150137_quarto,2024-05-22,quarto,2024-05-22T18:01:37Z,2024-05-22T18:01:37Z,cooperative,NA,1,6,1,NA,2,11,NA,FALSE,0,FALSE,0,0,TRUE,OFF,NA,NA,NA,NA
20240522_151428_quarto,2024-05-22,quarto,2024-05-22T18:14:28Z,2024-05-22T18:14:28Z,cooperative,9,1,3,1,NA,3,7,NA,FALSE,0,FALSE,0,0,TRUE,OFF,on 15:08:40,NA,NA,NA
20240522_151553_quarto,2024-05-22,quarto,2024-05-22T18:15:53Z,2024-05-22T18:15:53Z,cooperative,9,1,3,1,NA,1,7,NA,FALSE,0,FALSE,0,0,TRUE,OFF,NA,NA,NA,NA
20240522_151740_quarto,2024-05-22,quarto,2024-05-22T18:17:40Z,2024-05-22T18:17:40Z,cooperative,9,2,3,2,NA,1,9,NA,FALSE,0,FALSE,0,0,TRUE,OFF,NA,NA,NA,NA
20240522_151804_quarto,2024-05-22,quarto,2024-05-22T18:18:04Z,2024-05-22T18:18:04Z,cooperative,9,3,3,3,NA,1,9,NA,FALSE,0,FALSE,0,0,TRUE,OFF,NA,NA,NA,NA
20240522_151908_quarto,2024-05-22,quarto,2024-05-22T18:19:08Z,2024-05-22T18:19:08Z,cooperative,9,3,3,NA,NA,3,9,21,FALSE,0,FALSE,0,0,TRUE,OFF,NA,NA,NA,NA
20240522_152707_tesoura,2024-05-22,tesoura,2024-05-22T18:27:07Z,2024-05-22T18:27:07Z,cooperative,9,1,3,1,10,4,13,NA,FALSE,0,FALSE,0,0,TRUE,OFF,NA,7D_LAG,4409,NA
20240522_152820_tesoura,2024-05-22,tesoura,2024-05-22T18:28:20Z,2024-05-22T18:28:20Z,cooperative,9,1,3,1,NA,3,13,NA,FALSE,0,FALSE,0,0,TRUE,OFF,off 15:29:00,NA,NA,NA
20240522_153630_quarto,2024-05-22,quarto,2024-05-22T18:36:30Z,2024-05-22T18:36:30Z,cooperative,NA,1,1,1,NA,1,16,NA,FALSE,0,FALSE,0,0,TRUE,OFF,NA,NA,NA,NA
20240522_153704_quarto,2024-05-22,quarto,2024-05-22T18:37:04Z,2024-05-22T18:37:04Z,cooperative,NA,1,1,1,NA,1,16,NA,FALSE,0,FALSE,0,0,TRUE,OFF,NA,NA,NA,NA
20240522_153727_quarto,2024-05-22,quarto,2024-05-22T18:37:27Z,2024-05-22T18:37:27Z,cooperative,NA,1,1,1,NA,1,16,NA,FALSE,0,FALSE,0,0,TRUE,OFF,NA,NA,NA,NA
20240522_153804_quarto,2024-05-22,quarto,2024-05-22T18:38:04Z,2024-05-22T18:38:04Z,cooperative,NA,1,1,1,NA,1,16,NA,FALSE,0,FALSE,0,0,TRUE,OFF,NA,NA,NA,NA
20240522_154223_quarto,2024-05-22,quarto,2024-05-22T18:42:23Z,2024-05-22T18:42:23Z,cooperative,10,1,1,1,NA,1,10,NA,FALSE,0,FALSE,0,0,TRUE,OFF,on 15:40:13,7D_LAG,4413,NA
20240522_154949_quarto,2024-05-22,quarto,2024-05-22T18:49:49Z,2024-05-22T18:49:49Z,cooperative,10,1,1,1,NA,5,11,21,FALSE,0,FALSE,0,0,TRUE,OFF,NA,NA,NA,NA
20240522_155003_quarto,2024-05-22,quarto,2024-05-22T18:50:03Z,2024-05-22T18:50:03Z,cooperative,10,1,1,1,NA,3,11,NA,FALSE,0,FALSE,0,0,TRUE,OFF,NA,NA,NA,NA
20240523_101531_quarto,2024-05-23,quarto,2024-05-23T13:15:31Z,2024-05-23T13:15:31Z,cooperative,NA,1,1,1,JH,4,4,97;14,FALSE,0,FALSE,0,0,FALSE,NA,NA,NA,NA,NA
20240523_101800_tesoura,2024-05-23,tesoura,2024-05-23T13:18:00Z,2024-05-23T13:18:00Z,cooperative,NA,1,1,1,JH,3,16,97,FALSE,0,FALSE,0,0,FALSE,NA,NA,NA,NA,NA
20240523_102003_tesoura,2024-05-23,tesoura,2024-05-23T13:20:03Z,2024-05-23T13:20:03Z,cooperative,NA,1,1,1,JH,3,17,NA,FALSE,0,FALSE,0,0,FALSE,NA,NA,NA,4452,NA
20240523_102040_tesoura,2024-05-23,tesoura,2024-05-23T13:20:40Z,2024-05-23T13:20:40Z,cooperative,NA,1,1,1,NA,2,17,4,FALSE,0,FALSE,0,0,FALSE,NA,NA,NA,NA,NA
20240523_102200_tesoura,2024-05-23,tesoura,2024-05-23T13:22:00Z,2024-05-23T13:22:00Z,cooperative,NA,1,1,1,NA,1,17,NA,FALSE,0,FALSE,0,0,FALSE,NA,NA,NA,NA,NA
20240523_102255_tesoura,2024-05-23,tesoura,2024-05-23T13:22:55Z,2024-05-23T13:22:55Z,cooperative,NA,1,1,1,NA,2,17,NA,FALSE,0,FALSE,0,0,FALSE,NA,NA,NA,NA,NA
20240523_102327_tesoura,2024-05-23,tesoura,2024-05-23T13:23:27Z,2024-05-23T13:23:27Z,cooperative,2,1,1,1,NA,1,17,NA,FALSE,0,FALSE,0,0,FALSE,NA,NA,NA,NA,NA
20240523_102418_tesoura,2024-05-23,tesoura,2024-05-23T13:24:18Z,2024-05-23T13:24:18Z,cooperative,2,1,1,1,NA,1,17,NA,FALSE,0,FALSE,0,0,FALSE,NA,NA,NA,4461,NA
20240523_102444_tesoura,2024-05-23,tesoura,2024-05-23T13:24:44Z,2024-05-23T13:24:44Z,cooperative,2,1,1,1,NA,2,17,NA,FALSE,0,FALSE,0,0,FALSE,NA,NA,NA,4462,NA
20240523_102457_tesoura,2024-05-23,tesoura,2024-05-23T13:24:57Z,2024-05-23T13:24:57Z,cooperative,2,1,1,1,NA,1,17,NA,FALSE,0,FALSE,0,0,FALSE,NA,NA,NA,4464,NA
20240523_102633_tesoura,2024-05-23,tesoura,2024-05-23T13:26:33Z,2024-05-23T13:26:33Z,cooperative,2,1,1,1,NA,1,17,NA,FALSE,0,FALSE,0,0,FALSE,NA,NA,NA,4465,NA
20240523_102730_tesoura,2024-05-23,tesoura,2024-05-23T13:27:30Z,2024-05-23T13:27:30Z,cooperative,2,1,1,1,NA,3,18,NA,FALSE,0,FALSE,0,0,TRUE,ON,ON,NA,4467,NA
20240523_102927_tesoura,2024-05-23,tesoura,2024-05-23T13:29:27Z,2024-05-23T13:29:27Z,cooperative,2,1,1,1,NA,1,18,NA,FALSE,0,FALSE,0,0,FALSE,NA,NA,NA,4470,NA
20240523_103024_tesoura,2024-05-23,tesoura,2024-05-23T13:30:24Z,2024-05-23T13:30:24Z,cooperative,2,1,1,1,NA,2,18,NA,FALSE,0,FALSE,0,0,FALSE,NA,NA,NA,4472,NA
20240523_103110_tesoura,2024-05-23,tesoura,2024-05-23T13:31:10Z,2024-05-23T13:31:10Z,cooperative,2,1,1,1,NA,1,18,NA,FALSE,0,FALSE,0,0,FALSE,NA,NA,NA,4473,NA
20240523_103121_tesoura,2024-05-23,tesoura,2024-05-23T13:31:21Z,2024-05-23T13:31:21Z,cooperative,2,1,1,1,NA,3,18,NA,FALSE,0,FALSE,0,0,FALSE,NA,NA,NA,4474,NA
20240523_103539_tesoura,2024-05-23,tesoura,2024-05-23T13:35:39Z,2024-05-23T13:35:39Z,cooperative,2,1,1,1,NA,2,18,4;23,FALSE,0,FALSE,0,0,FALSE,NA,NA,NA,NA,NA
20240523_103549_tesoura,2024-05-23,tesoura,2024-05-23T13:35:49Z,2024-05-23T13:35:49Z,cooperative,2,1,1,1,NA,2,18,NA,FALSE,0,FALSE,0,0,FALSE,NA,NA,NA,NA,NA
20240523_103608_tesoura,2024-05-23,tesoura,2024-05-23T13:36:08Z,2024-05-23T13:36:08Z,cooperative,2,1,1,1,NA,2,18,NA,FALSE,0,FALSE,0,0,FALSE,NA,NA,NA,4479,NA
20240523_103639_tesoura,2024-05-23,tesoura,2024-05-23T13:36:39Z,2024-05-23T13:36:39Z,cooperative,2,1,1,1,NA,2,18,NA,FALSE,0,FALSE,0,0,FALSE,NA,NA,NA,4481,NA
20240523_103711_tesoura,2024-05-23,tesoura,2024-05-23T13:37:11Z,2024-05-23T13:37:11Z,cooperative,2,1,1,1,NA,1,18,NA,FALSE,0,FALSE,0,0,FALSE,NA,NA,NA,4481,NA
20240523_103750_tesoura,2024-05-23,tesoura,2024-05-23T13:37:50Z,2024-05-23T13:37:50Z,cooperative,2,1,1,1,NA,2,18,97;23,TRUE,1,FALSE,0,0,FALSE,NA,off 10:39:40,NA,NA,NA
20240523_104101_tesoura,2024-05-23,tesoura,2024-05-23T13:41:01Z,2024-05-23T13:41:01Z,cooperative,NA,1,3,1,NA,2,18,NA,TRUE,1,FALSE,0,0,FALSE,NA,off,NA,4486,NA
20240523_104742_tesoura,2024-05-23,tesoura,2024-05-23T13:47:42Z,2024-05-23T13:47:42Z,cooperative,3,1,3,1,NA,3,18,NA,TRUE,1,FALSE,0,0,FALSE,NA,99 on 10:46,NA,4529,NA
20240523_104937_tesoura,2024-05-23,tesoura,2024-05-23T13:49:37Z,2024-05-23T13:49:37Z,cooperative,3,1,3,1,NA,2,19,2,FALSE,0,FALSE,0,0,FALSE,NA,NA,NA,NA,NA
20240523_105337_tesoura,2024-05-23,tesoura,2024-05-23T13:53:37Z,2024-05-23T13:53:37Z,cooperative,3,1,3,1,NA,2,19,NA,FALSE,0,FALSE,0,0,FALSE,NA,NA,NA,4544,NA
20240523_105529_tesoura,2024-05-23,tesoura,2024-05-23T13:55:29Z,2024-05-23T13:55:29Z,cooperative,3,1,3,1,NA,3,19,6;23,FALSE,0,FALSE,0,0,FALSE,NA,NA,NA,4549,NA
20240523_105723_quarto,2024-05-23,quarto,2024-05-23T13:57:23Z,2024-05-23T13:57:23Z,cooperative,3,1,2,1,NA,1,1,NA,FALSE,0,FALSE,0,0,FALSE,NA,NA,NA,NA,NA
20240523_105858_tesoura,2024-05-23,tesoura,2024-05-23T13:58:58Z,2024-05-23T13:58:58Z,cooperative,3,1,2,1,NA,3,16,NA,FALSE,0,FALSE,0,0,FALSE,NA,NA,NA,4550,NA
20240523_110235_tesoura,2024-05-23,tesoura,2024-05-23T14:02:35Z,2024-05-23T14:02:35Z,cooperative,3,1,2,1,JH,2,16,NA,TRUE,1,FALSE,0,0,FALSE,NA,off 11:03:00,NA,NA,NA
20240523_110450_tesoura,2024-05-23,tesoura,2024-05-23T14:04:50Z,2024-05-23T14:04:50Z,cooperative,NA,1,2,1,NA,3,16,23;97,FALSE,0,FALSE,0,0,FALSE,NA,NA,NA,NA,NA
20240523_110558_tesoura,2024-05-23,tesoura,2024-05-23T14:05:58Z,2024-05-23T14:05:58Z,cooperative,NA,2,2,2,NA,1,16,6,FALSE,0,TRUE,1,1,FALSE,NA,NA,NA,NA,descartou
20240523_111505_tesoura,2024-05-23,tesoura,2024-05-23T14:15:05Z,2024-05-23T14:15:05Z,cooperative,4,1,2,1,NA,2,18,NA,TRUE,1,FALSE,0,0,FALSE,NA,on 11:09,NA,4580,NA
20240523_111535_tesoura,2024-05-23,tesoura,2024-05-23T14:15:35Z,2024-05-23T14:15:35Z,cooperative,4,1,2,1,NA,3,18,4;23,FALSE,0,FALSE,0,0,FALSE,NA,NA,NA,4584,NA
20240523_111924_tesoura,2024-05-23,tesoura,2024-05-23T14:19:24Z,2024-05-23T14:19:24Z,cooperative,4,2,2,2,NA,2,18,NA,FALSE,0,FALSE,0,0,TRUE,on,NA,NA,NA,NA
20240523_111930_tesoura,2024-05-23,tesoura,2024-05-23T14:19:30Z,2024-05-23T14:19:30Z,cooperative,4,2,2,2,92,4,18,97;6,FALSE,0,TRUE,1,1,TRUE,on,on,NA,4591,NA
20240523_112654_tesoura,2024-05-23,tesoura,2024-05-23T14:26:54Z,2024-05-23T14:26:54Z,cooperative,4,1,2,1,NA,6,18,23;6,FALSE,0,TRUE,1,4,TRUE,off 11:28,on,NA,4614,NA
20240523_112948_tesoura,2024-05-23,tesoura,2024-05-23T14:29:48Z,2024-05-23T14:29:48Z,cooperative,NA,1,4,1,31,6,18,26;23,FALSE,0,TRUE,1,2,TRUE,off,off 11:28,NA,4629,NA
20240523_113044_tesoura,2024-05-23,tesoura,2024-05-23T14:30:44Z,2024-05-23T14:30:44Z,cooperative,NA,1,4,1,NA,3,18,NA,FALSE,0,TRUE,1,6,TRUE,off,off,NA,NA,NA
20240523_113102_tesoura,2024-05-23,tesoura,2024-05-23T14:31:02Z,2024-05-23T14:31:02Z,cooperative,NA,1,4,1,NA,3,18,4;6;97,FALSE,0,FALSE,0,0,TRUE,off,off,NA,NA,NA
20240523_113108_tesoura,2024-05-23,tesoura,2024-05-23T14:31:08Z,2024-05-23T14:31:08Z,cooperative,NA,1,4,1,NA,2,18,NA,FALSE,0,FALSE,0,0,TRUE,off,off,NA,NA,NA
20240523_113140_tesoura,2024-05-23,tesoura,2024-05-23T14:31:40Z,2024-05-23T14:31:40Z,cooperative,NA,1,4,1,NA,1,18,NA,FALSE,0,FALSE,0,0,TRUE,off,off,NA,NA,NA
20240523_113434_tesoura,2024-05-23,tesoura,2024-05-23T14:34:34Z,2024-05-23T14:34:34Z,cooperative,5,1,4,1,NA,5,15,20;97,FALSE,0,FALSE,0,0,TRUE,11:34,101 on 11:35,NA,NA,NA
20240523_114056_tesoura,2024-05-23,tesoura,2024-05-23T14:40:56Z,2024-05-23T14:40:56Z,cooperative,5,3,4,3,NA,5,15,23;6;20,FALSE,0,FALSE,0,0,TRUE,on,on,NA,4673/4674,NA
20240523_114406_tesoura,2024-05-23,tesoura,2024-05-23T14:44:06Z,2024-05-23T14:44:06Z,cooperative,5,1,4,1,NA,2,15,6,FALSE,0,FALSE,0,0,TRUE,on,on,NA,4676,NA
20240523_114433_tesoura,2024-05-23,tesoura,2024-05-23T14:44:33Z,2024-05-23T14:44:33Z,cooperative,5,1,4,1,NA,2,15,20;23,FALSE,0,FALSE,0,0,TRUE,on,on,NA,4681,NA
20240523_114558_tesoura,2024-05-23,tesoura,2024-05-23T14:45:58Z,2024-05-23T14:45:58Z,cooperative,5,3,4,3,NA,3,15,97,FALSE,0,FALSE,0,0,TRUE,on,on,NA,NA,NA
20240523_114746_tesoura,2024-05-23,tesoura,2024-05-23T14:47:46Z,2024-05-23T14:47:46Z,cooperative,5,1,4,1,NA,2,15,97,FALSE,0,TRUE,1,1,TRUE,on,on,NA,4692,NA
20240523_114827_tesoura,2024-05-23,tesoura,2024-05-23T14:48:27Z,2024-05-23T14:48:27Z,cooperative,5,1,4,1,NA,1,14,NA,FALSE,0,FALSE,0,0,TRUE,on,on,NA,NA,NA
20240523_114853_tesoura,2024-05-23,tesoura,2024-05-23T14:48:53Z,2024-05-23T14:48:53Z,cooperative,5,1,4,1,NA,1,14,NA,FALSE,0,TRUE,1,1,TRUE,on,on,NA,4696,NA
20240523_115017_tesoura,2024-05-23,tesoura,2024-05-23T14:50:17Z,2024-05-23T14:50:17Z,cooperative,5,1,4,1,NA,3,14,23,FALSE,0,FALSE,0,0,TRUE,off 11:51,off 11:51,NA,NA,NA
20240523_115539_tesoura,2024-05-23,tesoura,2024-05-23T14:55:39Z,2024-05-23T14:55:39Z,cooperative,NA,1,4,1,NA,5,13,20;23,FALSE,0,FALSE,0,0,TRUE,off,off,NA,4722,NA
20240523_120758_tesoura,2024-05-23,tesoura,2024-05-23T15:07:58Z,2024-05-23T15:07:58Z,cooperative,6,1,4,1,NA,3,15,NA,FALSE,0,FALSE,0,0,TRUE,on 12:06:60,12:07:30,NA,4741,NA
20240523_122205_tesoura,2024-05-23,tesoura,2024-05-23T15:22:05Z,2024-05-23T15:22:05Z,cooperative,6,1,4,1,NA,2,13,20;23,FALSE,0,FALSE,1,0,TRUE,off 12:23:10,off,NA,4753,NA
20240523_122455_tesoura,2024-05-23,tesoura,2024-05-23T15:24:55Z,2024-05-23T15:24:55Z,cooperative,NA,1,4,1,NA,2,13,4,FALSE,0,FALSE,0,0,TRUE,off,off,NA,4756,NA
20240523_122542_tesoura,2024-05-23,tesoura,2024-05-23T15:25:42Z,2024-05-23T15:25:42Z,cooperative,NA,1,4,1,NA,3,13,97,FALSE,0,FALSE,0,0,TRUE,off,off,NA,4757,NA
20240523_122859_tesoura,2024-05-23,tesoura,2024-05-23T15:28:59Z,2024-05-23T15:28:59Z,cooperative,NA,1,4,1,NA,3,14,23;4,FALSE,0,TRUE,1,1,TRUE,off,on 103 12:29:09,NA,NA,NA
20240523_123121_tesoura,2024-05-23,tesoura,2024-05-23T15:31:21Z,2024-05-23T15:31:21Z,cooperative,NA,1,4,1,NA,1,13,NA,FALSE,0,FALSE,0,0,TRUE,off,on,NA,NA,NA
20240523_123252_tesoura,2024-05-23,tesoura,2024-05-23T15:32:52Z,2024-05-23T15:32:52Z,cooperative,NA,3,4,3,62,2,13,23,FALSE,0,FALSE,0,0,TRUE,off,on,NA,4761,NA
20240523_124043_tesoura,2024-05-23,tesoura,2024-05-23T15:40:43Z,2024-05-23T15:40:43Z,cooperative,NA,1,4,1,NA,3,12,4;97,FALSE,0,TRUE,1,1,TRUE,off,on,NA,4774,NA
20240523_124123_tesoura,2024-05-23,tesoura,2024-05-23T15:41:23Z,2024-05-23T15:41:23Z,cooperative,NA,1,4,1,NA,1,12,12,FALSE,0,FALSE,0,0,TRUE,off,on,NA,NA,NA
20240523_125333_tesoura,2024-05-23,tesoura,2024-05-23T15:53:33Z,2024-05-23T15:53:33Z,cooperative,NA,1,4,1,103,1,12,NA,FALSE,0,FALSE,0,0,TRUE,off,NA,NA,4788,NA
20240523_130250_tesoura,2024-05-23,tesoura,2024-05-23T16:02:50Z,2024-05-23T16:02:50Z,cooperative,NA,1,3,1,NA,4,16,2;4;89,FALSE,0,TRUE,1,5,TRUE,off,NA,NA,4807,NA
20240523_130350_tesoura,2024-05-23,tesoura,2024-05-23T16:03:50Z,2024-05-23T16:03:50Z,cooperative,NA,1,3,1,NA,3,16,97,FALSE,0,TRUE,1,1,TRUE,off,NA,NA,4813,NA
20240523_130906_tesoura,2024-05-23,tesoura,2024-05-23T16:09:06Z,2024-05-23T16:09:06Z,cooperative,NA,1,3,1,69,5,15,23;2;20,FALSE,0,FALSE,0,0,TRUE,off,NA,NA,NA,NA
20240523_133938_tesoura,2024-05-23,tesoura,2024-05-23T16:39:38Z,2024-05-23T16:39:38Z,cooperative,7,1,2,1,NA,2,15,2;6,FALSE,0,FALSE,0,0,FALSE,NA,NA,NA,NA,NA
20240523_134346_tesoura,2024-05-23,tesoura,2024-05-23T16:43:46Z,2024-05-23T16:43:46Z,cooperative,8,2,2,2,69,5,14,2;20;6,FALSE,0,TRUE,2,61,TRUE,13:40:20,NA,NA,4866,NA
20240523_135404_tesoura,2024-05-23,tesoura,2024-05-23T16:54:04Z,2024-05-23T16:54:04Z,cooperative,8,2,2,2,85,3,16,20;2;6,FALSE,0,FALSE,0,0,TRUE,13:55:59,NA,NA,4884,NA
20240523_135627_tesoura,2024-05-23,tesoura,2024-05-23T16:56:27Z,2024-05-23T16:56:27Z,cooperative,8,2,3,2,NA,6,18,6;2;4,FALSE,0,TRUE,1,1,TRUE,off,NA,NA,NA,NA
20240523_135806_tesoura,2024-05-23,tesoura,2024-05-23T16:58:06Z,2024-05-23T16:58:06Z,cooperative,NA,1,3,1,NA,3,18,NA,FALSE,0,FALSE,0,0,TRUE,off,NA,NA,4902,NA
20240523_140956_tesoura,2024-05-23,tesoura,2024-05-23T17:09:56Z,2024-05-23T17:09:56Z,cooperative,NA,1,3,1,jh,3,18,2;20;89,FALSE,0,FALSE,0,0,TRUE,off,NA,NA,NA,NA
20240523_142020_tesoura,2024-05-23,tesoura,2024-05-23T17:20:20Z,2024-05-23T17:20:20Z,cooperative,9,1,2,1,71;106,2,16,89,FALSE,0,FALSE,0,0,TRUE,on 14:18:25,NA,NA,4921,NA
20240523_142034_tesoura,2024-05-23,tesoura,2024-05-23T17:20:34Z,2024-05-23T17:20:34Z,cooperative,9,2,2,2,NA,2,16,6;4,FALSE,0,FALSE,0,0,TRUE,on,NA,NA,NA,NA
20240523_142622_tesoura,2024-05-23,tesoura,2024-05-23T17:26:22Z,2024-05-23T17:26:22Z,cooperative,9,1,2,1,71,4,15,89,FALSE,0,FALSE,0,0,TRUE,on,NA,NA,NA,NA
20240523_143045_tesoura,2024-05-23,tesoura,2024-05-23T17:30:45Z,2024-05-23T17:30:45Z,cooperative,9,1,2,1,74,2,15,89?,FALSE,0,FALSE,0,0,TRUE,on,NA,NA,4936,NA
20240523_143131_tesoura,2024-05-23,tesoura,2024-05-23T17:31:31Z,2024-05-23T17:31:31Z,cooperative,9,1,2,1,NA,3,15,2,FALSE,0,FALSE,0,0,TRUE,on,NA,NA,4946,NA
20240523_143402_tesoura,2024-05-23,tesoura,2024-05-23T17:34:02Z,2024-05-23T17:34:02Z,cooperative,NA,1,4,1,NA,4,13,2;6,FALSE,0,FALSE,0,0,TRUE,off 14:33:30,NA,NA,4970,NA
20240523_144017_tesoura,2024-05-23,tesoura,2024-05-23T17:40:17Z,2024-05-23T17:40:17Z,cooperative,NA,1,4,1,NA,3,11,2;6,FALSE,0,FALSE,0,0,TRUE,off,NA,NA,NA,NA
20240523_144138_tesoura,2024-05-23,tesoura,2024-05-23T17:41:38Z,2024-05-23T17:41:38Z,cooperative,NA,2,2,2,NA,4,10,6;20,FALSE,0,FALSE,0,0,FALSE,NA,NA,NA,NA,NA
20240523_144250_tesoura,2024-05-23,tesoura,2024-05-23T17:42:50Z,2024-05-23T17:42:50Z,cooperative,NA,1,2,1,NA,3,10,NA,FALSE,0,FALSE,0,0,FALSE,NA,NA,NA,4992,NA
20240523_144614_tesoura,2024-05-23,tesoura,2024-05-23T17:46:14Z,2024-05-23T17:46:14Z,cooperative,NA,1,2,1,60,3,12,2;6,FALSE,0,TRUE,2,3,FALSE,NA,NA,NA,NA,NA
20240523_145312_tesoura,2024-05-23,tesoura,2024-05-23T17:53:12Z,2024-05-23T17:53:12Z,cooperative,NA,1,2,1,60,4,11,2;6;20,FALSE,0,TRUE,1,2,FALSE,NA,NA,NA,NA,NA
20240523_145529_tesoura,2024-05-23,tesoura,2024-05-23T17:55:29Z,2024-05-23T17:55:29Z,cooperative,10,1,2,1,NA,3,9,NA,FALSE,0,FALSE,0,0,TRUE,on 14:54:16,NA,NA,NA,NA
20240523_150424_tesoura,2024-05-23,tesoura,2024-05-23T18:04:24Z,2024-05-23T18:04:24Z,cooperative,10,1,2,1,NA,4,10,2;20,FALSE,0,FALSE,NA,NA,TRUE,off 15:09:12,NA,NA,5007,NA
20240523_153038_tesoura,2024-05-23,tesoura,2024-05-23T18:30:38Z,2024-05-23T18:30:38Z,cooperative,11,1,1,1,#60,4,8,20,FALSE,0,FALSE,0,0,TRUE,on 15:46:58,off,NA,NA,NA
20240523_153342_tesoura,2024-05-23,tesoura,2024-05-23T18:33:42Z,2024-05-23T18:33:42Z,cooperative,11,1,1,1,#60,4,8,20,FALSE,0,FALSE,0,0,TRUE,off 15:41:00,off,NA,NA,NA
20240523_154243_tesoura,2024-05-23,tesoura,2024-05-23T18:42:43Z,2024-05-23T18:42:43Z,cooperative,NA,1,1,1,#60,4,7,NA,FALSE,0,TRUE,1,4,TRUE,off,off,NA,NA,NA
20240523_155259_quarto,2024-05-23,quarto,2024-05-23T18:52:59Z,2024-05-23T18:52:59Z,cooperative,12,1,1,1,NA,3,6,14,FALSE,0,FALSE,0,0,TRUE,on:15:46:58,on 15:47:04,NA,NA,Mike GoPro
20240524_120836_tesoura,2024-05-24,tesoura,2024-05-24T15:08:36Z,2024-05-24T15:08:36Z,cooperative,NA,1,1,1,NA,1,16,NA,FALSE,0,FALSE,0,0,TRUE,off,off,NA,NA,NA
20240524_120859_tesoura,2024-05-24,tesoura,2024-05-24T15:08:59Z,2024-05-24T15:08:59Z,cooperative,NA,1,1,1,NA,2,16,NA,FALSE,0,FALSE,0,0,TRUE,off,off,NA,NA,NA
20240524_120913_tesoura,2024-05-24,tesoura,2024-05-24T15:09:13Z,2024-05-24T15:09:13Z,cooperative,NA,1,1,1,NA,3,16,NA,FALSE,0,FALSE,0,0,TRUE,off,off,NA,NA,NA
20240524_122407_tesoura,2024-05-24,tesoura,2024-05-24T15:24:07Z,2024-05-24T15:24:07Z,cooperative,1,1,3,1,JH,2,17,6;2,FALSE,0,TRUE,1,2,TRUE,off:12:26:10,off:12:21:19,NA,5140,NA
20240524_122928_tesoura,2024-05-24,tesoura,2024-05-24T15:29:28Z,2024-05-24T15:29:28Z,cooperative,NA,1,5,1,60,1,15,52,FALSE,0,FALSE,0,0,TRUE,on:12:31:12,on 112: 12:31:18,NA,5152,NA
20240524_123257_tesoura,2024-05-24,tesoura,2024-05-24T15:32:57Z,2024-05-24T15:32:57Z,cooperative,2,1,1,1,JH,2,15,6;2,FALSE,0,FALSE,1,0,TRUE,on,on,NA,NA,NA
20240524_123316_tesoura,2024-05-24,tesoura,2024-05-24T15:33:16Z,2024-05-24T15:33:16Z,cooperative,2,1,1,1,JH,1,15,52,FALSE,0,FALSE,1,0,TRUE,on,on,NA,5157,NA
20240524_123351_tesoura,2024-05-24,tesoura,2024-05-24T15:33:51Z,2024-05-24T15:33:51Z,cooperative,2,1,1,1,NA,3,15,97;51;20,FALSE,0,FALSE,0,0,TRUE,on,on,NA,NA,NA
20240524_123442_tesoura,2024-05-24,tesoura,2024-05-24T15:34:42Z,2024-05-24T15:34:42Z,cooperative,2,1,1,1,JH,1,13,4,FALSE,0,TRUE,1,1,TRUE,on,on,NA,NA,NA
20240524_130242_tesoura,2024-05-24,tesoura,2024-05-24T16:02:42Z,2024-05-24T16:02:42Z,cooperative,3,2,3,2,NA,2,15,NA,FALSE,0,FALSE,0,0,TRUE,on,on,NA,5202,NA
20240524_135202_tesoura,2024-05-24,tesoura,2024-05-24T16:52:02Z,2024-05-24T16:52:02Z,cooperative,NA,1,3,1,JH,2,18,50,FALSE,0,FALSE,0,0,TRUE,on:13:11:21,on 114:13:11:29,NA,NA,NA
20240524_135334_tesoura,2024-05-24,tesoura,2024-05-24T16:53:34Z,2024-05-24T16:53:34Z,cooperative,NA,1,3,1,NA,1,18,NA,FALSE,0,FALSE,0,0,TRUE,on,on,NA,NA,NA
20240524_140020_quarto,2024-05-24,quarto,2024-05-24T17:00:20Z,2024-05-24T17:00:20Z,cooperative,NA,1,3,1,JH,1,6,NA,FALSE,0,TRUE,1,2,TRUE,on:13:30:50,on 115:13:31:04,NA,NA,NA
20240524_140115_quarto,2024-05-24,quarto,2024-05-24T17:01:15Z,2024-05-24T17:01:15Z,cooperative,NA,1,3,1,JH,3,5,14,FALSE,0,FALSE,0,0,TRUE,on,on,NA,NA,NA
20240524_142450_quarto,2024-05-24,quarto,2024-05-24T17:24:50Z,2024-05-24T17:24:50Z,cooperative,6,1,1,1,JH,2,10,NA,FALSE,0,TRUE,1,2,TRUE,on,on,NA,NA,NA
20240524_151820_tesoura,2024-05-24,tesoura,2024-05-24T18:18:20Z,2024-05-24T18:18:20Z,cooperative,NA,2,3,2,NA,3,6,51,FALSE,0,FALSE,0,0,TRUE,off,off,NA,NA,NA
20240524_151907_tesoura,2024-05-24,tesoura,2024-05-24T18:19:07Z,2024-05-24T18:19:07Z,cooperative,NA,3,3,3,NA,1,6,20,FALSE,0,FALSE,0,0,TRUE,off,off,NA,NA,NA
20240524_152401_tesoura,2024-05-24,tesoura,2024-05-24T18:24:01Z,2024-05-24T18:24:01Z,cooperative,NA,1,3,1,NA,1,4,51,FALSE,0,FALSE,0,0,TRUE,off,off,NA,NA,NA
20240524_153115_tesoura,2024-05-24,tesoura,2024-05-24T18:31:15Z,2024-05-24T18:31:15Z,cooperative,NA,1,8,1,NA,5,8,20;97;51,FALSE,0,FALSE,0,0,TRUE,off,off,NA,NA,NA
20240524_153455_tesoura,2024-05-24,tesoura,2024-05-24T18:34:55Z,2024-05-24T18:34:55Z,cooperative,NA,1,8,1,NA,2,8,0,FALSE,0,FALSE,0,0,TRUE,off,off,NA,NA,NA
20240524_154754_quarto,2024-05-24,quarto,2024-05-24T18:47:54Z,2024-05-24T18:47:54Z,cooperative,NA,1,5,1,NA,4,6,14,FALSE,0,TRUE,2,2,TRUE,off,off,NA,NA,NA
20240524_155035_quarto,2024-05-24,quarto,2024-05-24T18:50:35Z,2024-05-24T18:50:35Z,cooperative,NA,1,5,1,NA,3,6,0,FALSE,0,FALSE,0,0,TRUE,off,off,NA,NA,NA
20240524_155134_quarto,2024-05-24,quarto,2024-05-24T18:51:34Z,2024-05-24T18:51:34Z,cooperative,NA,1,5,1,NA,1,11,50,FALSE,0,FALSE,0,0,TRUE,off,off,NA,NA,NA
20240524_155142_quarto,2024-05-24,quarto,2024-05-24T18:51:42Z,2024-05-24T18:51:42Z,cooperative,NA,1,5,1,NA,4,11,14,FALSE,0,FALSE,0,0,TRUE,off,off,NA,NA,NA
20240524_155155_quarto,2024-05-24,quarto,2024-05-24T18:51:55Z,2024-05-24T18:51:55Z,cooperative,NA,1,5,1,NA,2,11,0,FALSE,0,FALSE,0,0,TRUE,off,off,NA,NA,NA
20240524_160609_quarto,2024-05-24,quarto,2024-05-24T19:06:09Z,2024-05-24T19:06:09Z,cooperative,NA,1,4,1,NA,2,10,50,FALSE,0,FALSE,0,0,TRUE,off,off,NA,NA,NA
20240524_162542_quarto,2024-05-24,quarto,2024-05-24T19:25:42Z,2024-05-24T19:25:42Z,cooperative,NA,1,5,1,NA,1,7,50,FALSE,0,FALSE,0,0,TRUE,off,off,NA,NA,NA
20240524_162601_quarto,2024-05-24,quarto,2024-05-24T19:26:01Z,2024-05-24T19:26:01Z,cooperative,NA,1,5,1,NA,1,7,0,FALSE,0,FALSE,0,0,TRUE,off,off,NA,NA,NA
20240524_163728_tesoura,2024-05-24,tesoura,2024-05-24T19:37:28Z,2024-05-24T19:37:28Z,cooperative,NA,3,6,3,NA,2,6,0,FALSE,0,FALSE,0,0,TRUE,off,off,NA,NA,NA
20240524_163843_tesoura,2024-05-24,tesoura,2024-05-24T19:38:43Z,2024-05-24T19:38:43Z,cooperative,NA,1,6,1,NA,1,6,0,FALSE,0,FALSE,0,0,TRUE,off,off,NA,NA,NA
20240525_104450_quarto,2024-05-25,quarto,2024-05-25T13:44:50Z,2024-05-25T13:44:50Z,cooperative,NA,1,1,1,NA,2,5,21,FALSE,0,FALSE,0,0,TRUE,off,off,NA,NA,NA
20240525_104815_quarto,2024-05-25,quarto,2024-05-25T13:48:15Z,2024-05-25T13:48:15Z,cooperative,NA,1,1,1,NA,1,6,21,FALSE,0,TRUE,1,6,TRUE,off,off,NA,NA,NA
20240525_104950_quarto,2024-05-25,quarto,2024-05-25T13:49:50Z,2024-05-25T13:49:50Z,cooperative,NA,1,1,1,NA,2,6,0,FALSE,0,TRUE,1,3,TRUE,off,off,NA,NA,NA
20240525_105812_quarto,2024-05-25,quarto,2024-05-25T13:58:12Z,2024-05-25T13:58:12Z,cooperative,NA,1,1,1,NA,2,7,NA,FALSE,0,TRUE,1,2,TRUE,off,off,NA,NA,NA
20240525_105949_quarto,2024-05-25,quarto,2024-05-25T13:59:49Z,2024-05-25T13:59:49Z,cooperative,NA,1,1,1,NA,2,6,NA,FALSE,0,FALSE,0,0,TRUE,off,off,NA,NA,NA
20240525_110225_quarto,2024-05-25,quarto,2024-05-25T14:02:25Z,2024-05-25T14:02:25Z,cooperative,1,1,1,1,NA,1,8,0,FALSE,0,FALSE,0,0,TRUE,off,on 117:11:04:00,NA,NA,NA
20240525_110923_quarto,2024-05-25,quarto,2024-05-25T14:09:23Z,2024-05-25T14:09:23Z,cooperative,1,1,1,1,NA,3,10,21,FALSE,0,FALSE,0,0,TRUE,off,on,NA,NA,NA
20240525_111250_quarto,2024-05-25,quarto,2024-05-25T14:12:50Z,2024-05-25T14:12:50Z,cooperative,1,1,1,1,NA,3,10,0,FALSE,0,FALSE,0,0,TRUE,off,on,NA,NA,NA
20240525_112031_quarto,2024-05-25,quarto,2024-05-25T14:20:31Z,2024-05-25T14:20:31Z,cooperative,1,1,1,1,NA,1,9,21,FALSE,0,FALSE,0,0,TRUE,off,on,NA,NA,NA
20240525_141153_quarto,2024-05-25,quarto,2024-05-25T17:11:53Z,2024-05-25T17:11:53Z,cooperative,5,1,1,1,11,4,5,0,FALSE,0,FALSE,0,0,TRUE,off,on,NA,NA,NA
20240526_131922_tesoura,2024-05-26,tesoura,2024-05-26T16:19:22Z,2024-05-26T16:19:22Z,cooperative,NA,1,1,1,33,1,8,0,FALSE,0,FALSE,0,0,FALSE,NA,off 127:13:03:40,NA,5621,NA
20240526_142524_tesoura,2024-05-26,tesoura,2024-05-26T17:25:24Z,2024-05-26T17:25:24Z,cooperative,NA,1,1,1,NA,3,5,0,FALSE,0,FALSE,0,0,TRUE,on 14:27:43,off,NA,5732,NA
20240526_144817_tesoura,2024-05-26,tesoura,2024-05-26T17:48:17Z,2024-05-26T17:48:17Z,cooperative,NA,1,1,1,NA,2,4,0,FALSE,0,FALSE,0,0,FALSE,NA,off,NA,NA,NA
20240526_145036_tesoura,2024-05-26,tesoura,2024-05-26T17:50:36Z,2024-05-26T17:50:36Z,cooperative,NA,1,1,1,NA,1,5,0,FALSE,0,FALSE,0,0,FALSE,NA,off,NA,NA,NA
20240526_145944_tesoura,2024-05-26,tesoura,2024-05-26T17:59:44Z,2024-05-26T17:59:44Z,cooperative,NA,1,2,1,NA,2,5,0,FALSE,0,TRUE,1,1,FALSE,NA,off,NA,NA,NA
20240527_115045_tesoura,2024-05-27,tesoura,2024-05-27T14:50:45Z,2024-05-27T14:50:45Z,cooperative,NA,1,2,1,NA,1,3,0,FALSE,0,FALSE,0,0,TRUE,off,off,NA,NA,NA
20240527_115101_tesoura,2024-05-27,tesoura,2024-05-27T14:51:01Z,2024-05-27T14:51:01Z,cooperative,NA,1,2,1,NA,1,3,0,FALSE,0,FALSE,0,0,TRUE,off,off,NA,NA,NA
20240527_115246_tesoura,2024-05-27,tesoura,2024-05-27T14:52:46Z,2024-05-27T14:52:46Z,cooperative,NA,1,2,1,NA,3,5,23,FALSE,0,TRUE,1,1,TRUE,off,off,NA,NA,NA
20240527_115400_tesoura,2024-05-27,tesoura,2024-05-27T14:54:00Z,2024-05-27T14:54:00Z,cooperative,NA,1,2,1,NA,1,5,5,FALSE,0,FALSE,0,0,TRUE,off,off,NA,NA,NA
20240527_121215_tesoura,2024-05-27,tesoura,2024-05-27T15:12:15Z,2024-05-27T15:12:15Z,cooperative,NA,1,2,1,NA,2,11,5;50,FALSE,0,TRUE,1,1,TRUE,off,off,NA,NA,NA
20240527_121549_tesoura,2024-05-27,tesoura,2024-05-27T15:15:49Z,2024-05-27T15:15:49Z,cooperative,NA,1,2,1,NA,1,9,0,FALSE,0,FALSE,0,0,TRUE,off,off,NA,NA,NA
20240527_122555_tesoura,2024-05-27,tesoura,2024-05-27T15:25:55Z,2024-05-27T15:25:55Z,cooperative,NA,2,2,2,NA,4,7,5;50,FALSE,0,FALSE,0,0,TRUE,off,off,NA,NA,NA
20240527_123818_tesoura,2024-05-27,tesoura,2024-05-27T15:38:18Z,2024-05-27T15:38:18Z,cooperative,NA,1,2,1,NA,1,8,0,FALSE,0,FALSE,0,0,TRUE,off,off,NA,NA,maybe ere cast
20240527_124054_tesoura,2024-05-27,tesoura,2024-05-27T15:40:54Z,2024-05-27T15:40:54Z,cooperative,NA,1,2,1,NA,6,6,52;50;55;23,FALSE,0,FALSE,0,0,TRUE,off,off,NA,NA,NA
20240527_130707_tesoura,2024-05-27,tesoura,2024-05-27T16:07:07Z,2024-05-27T16:07:07Z,cooperative,NA,1,5,1,NA,3,10,23,FALSE,0,FALSE,0,0,TRUE,off,off,NA,NA,NA
20240527_130754_tesoura,2024-05-27,tesoura,2024-05-27T16:07:54Z,2024-05-27T16:07:54Z,cooperative,NA,1,5,1,NA,2,10,0,FALSE,0,FALSE,0,0,TRUE,off,off,NA,NA,NA
20240527_131246_tesoura,2024-05-27,tesoura,2024-05-27T16:12:46Z,2024-05-27T16:12:46Z,cooperative,NA,1,3,1,NA,3,11,23;5;2,FALSE,0,TRUE,1,1,TRUE,off,off,NA,NA,NA
20240527_133621_tesoura,2024-05-27,tesoura,2024-05-27T16:36:21Z,2024-05-27T16:36:21Z,cooperative,NA,1,3,1,NA,4,15,2;50;5,FALSE,0,FALSE,0,0,TRUE,off,off,NA,NA,maybe johnny cast
20240527_134727_tesoura,2024-05-27,tesoura,2024-05-27T16:47:27Z,2024-05-27T16:47:27Z,cooperative,NA,1,3,1,NA,3,8,5;2;23,FALSE,0,FALSE,0,0,TRUE,off,off,NA,NA,NA
20240527_135453_tesoura,2024-05-27,tesoura,2024-05-27T16:54:53Z,2024-05-27T16:54:53Z,cooperative,NA,1,3,1,NA,3,8,2;23;5,FALSE,0,FALSE,0,0,TRUE,off,off,NA,NA,NA
20240527_135501_tesoura,2024-05-27,tesoura,2024-05-27T16:55:01Z,2024-05-27T16:55:01Z,cooperative,NA,1,3,1,NA,2,8,50,FALSE,0,FALSE,0,0,TRUE,off,off,NA,NA,NA
20240527_140554_tesoura,2024-05-27,tesoura,2024-05-27T17:05:54Z,2024-05-27T17:05:54Z,cooperative,NA,1,3,1,NA,3,9,0,FALSE,0,FALSE,0,0,TRUE,off,off,NA,NA,NA
20240527_142039_tesoura,2024-05-27,tesoura,2024-05-27T17:20:39Z,2024-05-27T17:20:39Z,cooperative,NA,1,4,1,NA,3,7,5,FALSE,0,FALSE,0,0,TRUE,off,off,NA,NA,NA
20240527_142102_tesoura,2024-05-27,tesoura,2024-05-27T17:21:02Z,2024-05-27T17:21:02Z,cooperative,NA,1,4,1,NA,2,7,23,FALSE,0,FALSE,0,0,TRUE,off,off,NA,NA,NA
20240527_144325_tesoura,2024-05-27,tesoura,2024-05-27T17:43:25Z,2024-05-27T17:43:25Z,cooperative,NA,1,2,1,NA,3,6,97;23,FALSE,0,FALSE,0,0,TRUE,off,off,NA,NA,NA
20240527_145305_tesoura,2024-05-27,tesoura,2024-05-27T17:53:05Z,2024-05-27T17:53:05Z,cooperative,NA,1,2,1,NA,2,5,0,FALSE,0,TRUE,1,1,TRUE,off,off,NA,NA,NA
20240527_145322_tesoura,2024-05-27,tesoura,2024-05-27T17:53:22Z,2024-05-27T17:53:22Z,cooperative,NA,1,2,1,NA,1,5,5,FALSE,0,FALSE,0,0,TRUE,off,off,NA,NA,NA
20240527_150021_tesoura,2024-05-27,tesoura,2024-05-27T18:00:21Z,2024-05-27T18:00:21Z,cooperative,NA,1,2,1,NA,1,6,52,FALSE,0,FALSE,0,0,TRUE,off,off,NA,NA,NA
20240528_092940_tesoura,2024-05-28,tesoura,2024-05-28T12:29:40Z,2024-05-28T12:29:40Z,cooperative,1,1,2,1,NA,2,5,2,FALSE,0,TRUE,1,4,TRUE,off,off,7D,6038,NA
20240528_095458_tesoura,2024-05-28,tesoura,2024-05-28T12:54:58Z,2024-05-28T12:54:58Z,cooperative,NA,1,2,1,NA,2,8,NA,FALSE,0,FALSE,0,0,TRUE,off,off,NA,6055,NA
20240528_105020_tesoura,2024-05-28,tesoura,2024-05-28T13:50:20Z,2024-05-28T13:50:20Z,cooperative,NA,1,2,1,NA,2,5,97,FALSE,0,FALSE,0,0,TRUE,off,off,NA,6081,NA
20240528_120016_tesoura,2024-05-28,tesoura,2024-05-28T15:00:16Z,2024-05-28T15:00:16Z,cooperative,NA,1,1,1,NA,4,8,14;4,FALSE,0,FALSE,0,0,TRUE,off,off,NA,NA,NA
20240528_120042_tesoura,2024-05-28,tesoura,2024-05-28T15:00:42Z,2024-05-28T15:00:42Z,cooperative,NA,1,1,1,NA,2,8,NA,FALSE,0,FALSE,0,0,TRUE,off,off,NA,6117,NA
20240528_120133_tesoura,2024-05-28,tesoura,2024-05-28T15:01:33Z,2024-05-28T15:01:33Z,cooperative,NA,1,1,1,NA,4,10,14;4,FALSE,0,TRUE,1,1,TRUE,off,off,NA,NA,NA
20240528_120348_tesoura,2024-05-28,tesoura,2024-05-28T15:03:48Z,2024-05-28T15:03:48Z,cooperative,NA,1,1,1,NA,4,9,47;2;7,FALSE,0,FALSE,0,0,TRUE,off,off,NA,6124,NA
20240528_130355_tesoura,2024-05-28,tesoura,2024-05-28T16:03:55Z,2024-05-28T16:03:55Z,cooperative,6,1,4,1,NA,1,11,NA,FALSE,0,FALSE,0,0,TRUE,on: 12:59:09,on 137: 12:39:11,NA,6155,NA
20240528_130433_tesoura,2024-05-28,tesoura,2024-05-28T16:04:33Z,2024-05-28T16:04:33Z,cooperative,6,1,4,1,NA,2,11,6,FALSE,0,FALSE,0,0,TRUE,on,on,NA,NA,NA
20240528_135010_quarto,2024-05-28,quarto,2024-05-28T16:50:10Z,2024-05-28T16:50:10Z,cooperative,NA,2,4,2,NA,2,6,NA,FALSE,0,FALSE,0,0,TRUE,off: 13:43:54,off 138: 13:43:38,NA,NA,NA
20240528_145213_tesoura,2024-05-28,tesoura,2024-05-28T17:52:13Z,2024-05-28T17:52:13Z,cooperative,NA,1,3,1,NA,1,7,5,FALSE,0,FALSE,0,0,TRUE,off,on,NA,NA,NA
20240528_150520_tesoura,2024-05-28,tesoura,2024-05-28T18:05:20Z,2024-05-28T18:05:20Z,cooperative,NA,1,3,1,NA,3,4,97;50,FALSE,0,FALSE,0,0,TRUE,off,on,NA,6424,NA
20240528_152706_tesoura,2024-05-28,tesoura,2024-05-28T18:27:06Z,2024-05-28T18:27:06Z,cooperative,9,1,3,1,JH,2,5,NA,FALSE,0,TRUE,1,2,TRUE,off,on,NA,NA,NA
20240528_152754_tesoura,2024-05-28,tesoura,2024-05-28T18:27:54Z,2024-05-28T18:27:54Z,cooperative,9,1,3,1,JH,2,5,5;89,FALSE,0,FALSE,0,0,TRUE,off,on,NA,NA,NA
20240528_152949_tesoura,2024-05-28,tesoura,2024-05-28T18:29:49Z,2024-05-28T18:29:49Z,cooperative,9,1,3,1,JH,1,9,NA,FALSE,0,FALSE,0,0,TRUE,off,on,NA,NA,NA
20240528_153016_tesoura,2024-05-28,tesoura,2024-05-28T18:30:16Z,2024-05-28T18:30:16Z,cooperative,9,1,3,1,NA,2,9,NA,FALSE,0,FALSE,0,0,TRUE,off,on,NA,NA,NA
20240528_153040_tesoura,2024-05-28,tesoura,2024-05-28T18:30:40Z,2024-05-28T18:30:40Z,cooperative,9,1,3,1,NA,1,9,23,FALSE,0,FALSE,0,0,TRUE,off,off: 15:31,NA,NA,NA
20240528_153420_quarto,2024-05-28,quarto,2024-05-28T18:34:20Z,2024-05-28T18:34:20Z,cooperative,NA,1,3,1,NA,2,10,5,FALSE,0,FALSE,0,0,FALSE,NA,NA,NA,NA,NA
20240528_155420_tesoura,2024-05-28,tesoura,2024-05-28T18:54:20Z,2024-05-28T18:54:20Z,cooperative,10,1,5,1,NA,1,5,7,FALSE,0,FALSE,0,0,TRUE,off,NA,NA,6540,NA
20240529_095743_quarto,2024-05-29,quarto,2024-05-29T12:57:43Z,2024-05-29T12:57:43Z,cooperative,NA,1,1,1,NA,2,8,NA,FALSE,0,FALSE,0,0,TRUE,off,NA,NA,NA,NA
20240529_095840_quarto,2024-05-29,quarto,2024-05-29T12:58:40Z,2024-05-29T12:58:40Z,cooperative,NA,1,1,1,NA,1,8,NA,FALSE,0,FALSE,0,0,TRUE,off,NA,NA,NA,NA
20240529_100721_quarto,2024-05-29,quarto,2024-05-29T13:07:21Z,2024-05-29T13:07:21Z,cooperative,1,1,1,1,NA,1,5,NA,FALSE,0,FALSE,0,0,TRUE,off,on,NA,NA,NA
20240529_100804_quarto,2024-05-29,quarto,2024-05-29T13:08:04Z,2024-05-29T13:08:04Z,cooperative,1,1,1,1,NA,1,5,NA,FALSE,0,FALSE,0,0,TRUE,off,on,NA,NA,NA
20240529_101330_quarto,2024-05-29,quarto,2024-05-29T13:13:30Z,2024-05-29T13:13:30Z,cooperative,1,1,1,1,NA,2,7,NA,FALSE,0,FALSE,0,0,TRUE,off,on,NA,NA,NA
20240529_102227_quarto,2024-05-29,quarto,2024-05-29T13:22:27Z,2024-05-29T13:22:27Z,cooperative,1,1,2,1,NA,2,12,6,FALSE,0,FALSE,0,0,TRUE,off,off,NA,NA,NA
20240529_102412_quarto,2024-05-29,quarto,2024-05-29T13:24:12Z,2024-05-29T13:24:12Z,cooperative,2,1,2,1,NA,1,10,7,FALSE,0,FALSE,0,0,TRUE,off,On 149:10:24:05,NA,6619,NA
20240529_102509_quarto,2024-05-29,quarto,2024-05-29T13:25:09Z,2024-05-29T13:25:09Z,cooperative,2,1,2,1,NA,1,10,NA,FALSE,0,FALSE,0,0,TRUE,off,on,NA,NA,NA
20240529_102528_quarto,2024-05-29,quarto,2024-05-29T13:25:28Z,2024-05-29T13:25:28Z,cooperative,2,1,2,1,NA,1,10,NA,FALSE,0,FALSE,0,0,TRUE,off,on,NA,NA,NA
20240529_103353_quarto,2024-05-29,quarto,2024-05-29T13:33:53Z,2024-05-29T13:33:53Z,cooperative,2,1,2,1,NA,1,6,NA,FALSE,0,FALSE,0,0,TRUE,off,on,NA,NA,NA
20240529_103421_quarto,2024-05-29,quarto,2024-05-29T13:34:21Z,2024-05-29T13:34:21Z,cooperative,2,1,2,1,JH,1,7,21,FALSE,0,FALSE,0,0,TRUE,off,on,NA,NA,NA
20240529_103444_quarto,2024-05-29,quarto,2024-05-29T13:34:44Z,2024-05-29T13:34:44Z,cooperative,2,1,2,1,JH,2,7,4;7,FALSE,0,TRUE,2,2,TRUE,off,on,NA,NA,NA
20240529_103746_quarto,2024-05-29,quarto,2024-05-29T13:37:46Z,2024-05-29T13:37:46Z,cooperative,2,1,2,1,NA,2,9,7;4,FALSE,0,FALSE,0,0,TRUE,off,off:10:44:05,NA,NA,NA
20240529_104603_quarto,2024-05-29,quarto,2024-05-29T13:46:03Z,2024-05-29T13:46:03Z,cooperative,NA,1,2,1,NA,1,9,7,FALSE,0,FALSE,0,0,TRUE,off,off,NA,NA,NA
20240529_110727_quarto,2024-05-29,quarto,2024-05-29T14:07:27Z,2024-05-29T14:07:27Z,cooperative,3,1,1,1,10,2,5,6,FALSE,0,TRUE,1,2,TRUE,off,on,NA,6711,NA
20240529_111008_quarto,2024-05-29,quarto,2024-05-29T14:10:08Z,2024-05-29T14:10:08Z,cooperative,3,1,1,1,NA,3,5,7;4,FALSE,0,FALSE,0,0,TRUE,off,on,NA,NA,NA
20240529_111206_quarto,2024-05-29,quarto,2024-05-29T14:12:06Z,2024-05-29T14:12:06Z,cooperative,3,1,1,1,NA,2,6,4,FALSE,0,FALSE,0,0,TRUE,off,on,NA,NA,NA
20240529_111236_quarto,2024-05-29,quarto,2024-05-29T14:12:36Z,2024-05-29T14:12:36Z,cooperative,3,1,1,1,NA,2,6,NA,FALSE,0,FALSE,0,0,TRUE,off,on,NA,6742,NA
20240529_111416_quarto,2024-05-29,quarto,2024-05-29T14:14:16Z,2024-05-29T14:14:16Z,cooperative,3,1,1,1,NA,3,6,7;4,FALSE,0,TRUE,1,1,TRUE,off,on,NA,NA,NA
20240529_111445_quarto,2024-05-29,quarto,2024-05-29T14:14:45Z,2024-05-29T14:14:45Z,cooperative,NA,1,1,1,NA,1,6,6,FALSE,0,FALSE,0,0,TRUE,off,off:11:14:34,NA,6751,NA
20240529_111717_quarto,2024-05-29,quarto,2024-05-29T14:17:17Z,2024-05-29T14:17:17Z,cooperative,NA,1,1,1,NA,3,7,7,FALSE,0,FALSE,0,0,TRUE,off,off,NA,NA,NA
20240529_112233_quarto,2024-05-29,quarto,2024-05-29T14:22:33Z,2024-05-29T14:22:33Z,cooperative,NA,1,1,1,NA,2,8,4,FALSE,0,TRUE,1,1,TRUE,off,off,NA,NA,NA
20240529_112402_quarto,2024-05-29,quarto,2024-05-29T14:24:02Z,2024-05-29T14:24:02Z,cooperative,NA,1,1,1,NA,3,6,6,FALSE,0,FALSE,0,0,TRUE,off,off,NA,NA,NA
20240529_112615_quarto,2024-05-29,quarto,2024-05-29T14:26:15Z,2024-05-29T14:26:15Z,cooperative,NA,1,1,1,NA,2,9,6,FALSE,0,FALSE,0,0,TRUE,off,off,NA,NA,NA
20240529_112753_quarto,2024-05-29,quarto,2024-05-29T14:27:53Z,2024-05-29T14:27:53Z,cooperative,NA,1,1,1,NA,1,9,7,FALSE,0,FALSE,0,0,TRUE,off,off,NA,NA,NA
20240529_113539_quarto,2024-05-29,quarto,2024-05-29T14:35:39Z,2024-05-29T14:35:39Z,cooperative,NA,1,1,1,JH; 33,2,9,7,FALSE,0,TRUE,1,2,TRUE,off,off,NA,NA,NA
20240529_113806_quarto,2024-05-29,quarto,2024-05-29T14:38:06Z,2024-05-29T14:38:06Z,cooperative,NA,1,2,1,33,1,9,6,FALSE,0,FALSE,0,0,TRUE,off,off,6D,4155,NA
20240529_114800_quarto,2024-05-29,quarto,2024-05-29T14:48:00Z,2024-05-29T14:48:00Z,cooperative,4,1,1,1,33,1,3,NA,FALSE,0,TRUE,1,2,TRUE,off,on,NA,NA,NA
20240529_120322_quarto,2024-05-29,quarto,2024-05-29T15:03:22Z,2024-05-29T15:03:22Z,cooperative,5,1,1,1,NA,1,5,7,FALSE,0,FALSE,1,0,TRUE,off,NA,NA,NA,NA
20240529_120619_quarto,2024-05-29,quarto,2024-05-29T15:06:19Z,2024-05-29T15:06:19Z,cooperative,5,1,2,1,NA,2,5,21,FALSE,0,FALSE,0,0,TRUE,off,NA,NA,NA,NA
20240529_120930_quarto,2024-05-29,quarto,2024-05-29T15:09:30Z,2024-05-29T15:09:30Z,cooperative,5,1,1,1,NA,1,5,7,FALSE,0,FALSE,0,0,TRUE,off,NA,NA,NA,NA
20240529_120953_quarto,2024-05-29,quarto,2024-05-29T15:09:53Z,2024-05-29T15:09:53Z,cooperative,5,1,1,1,NA,3,5,21;4,FALSE,0,TRUE,2,2,TRUE,off,NA,NA,6945,NA
20240529_121100_quarto,2024-05-29,quarto,2024-05-29T15:11:00Z,2024-05-29T15:11:00Z,cooperative,5,1,1,1,NA,2,5,7,FALSE,0,FALSE,0,0,TRUE,off,NA,NA,6945,NA
20240529_121158_quarto,2024-05-29,quarto,2024-05-29T15:11:58Z,2024-05-29T15:11:58Z,cooperative,5,1,2,1,NA,1,5,NA,FALSE,0,FALSE,0,0,TRUE,off,NA,NA,6950,NA
20240529_121257_quarto,2024-05-29,quarto,2024-05-29T15:12:57Z,2024-05-29T15:12:57Z,cooperative,5,1,2,1,NA,2,5,7,FALSE,0,FALSE,0,0,TRUE,off,NA,NA,NA,NA
20240529_121327_quarto,2024-05-29,quarto,2024-05-29T15:13:27Z,2024-05-29T15:13:27Z,cooperative,5,1,2,1,NA,1,5,NA,FALSE,0,FALSE,0,0,TRUE,off,NA,NA,NA,NA
20240529_121338_quarto,2024-05-29,quarto,2024-05-29T15:13:38Z,2024-05-29T15:13:38Z,cooperative,5,1,2,1,NA,1,7,7,FALSE,0,TRUE,1,2,TRUE,off,NA,NA,NA,NA
20240529_121810_quarto,2024-05-29,quarto,2024-05-29T15:18:10Z,2024-05-29T15:18:10Z,cooperative,5,1,2,1,NA,1,7,NA,FALSE,0,FALSE,0,0,TRUE,off,NA,NA,NA,NA
20240529_122147_quarto,2024-05-29,quarto,2024-05-29T15:21:47Z,2024-05-29T15:21:47Z,cooperative,5,1,2,1,10,1,6,NA,FALSE,0,TRUE,1,1,TRUE,off,NA,NA,6986,NA
20240529_122256_quarto,2024-05-29,quarto,2024-05-29T15:22:56Z,2024-05-29T15:22:56Z,cooperative,5,1,2,1,10,1,6,NA,FALSE,0,FALSE,0,0,TRUE,off,NA,NA,NA,NA
20240529_122710_quarto,2024-05-29,quarto,2024-05-29T15:27:10Z,2024-05-29T15:27:10Z,cooperative,NA,1,2,1,NA,3,7,6,FALSE,0,FALSE,0,0,TRUE,off,NA,6D,4243,NA
20240529_122848_quarto,2024-05-29,quarto,2024-05-29T15:28:48Z,2024-05-29T15:28:48Z,cooperative,6,1,2,1,NA,2,7,7,FALSE,0,TRUE,2,3,TRUE,off,NA,NA,NA,NA
20240529_140236_quarto,2024-05-29,quarto,2024-05-29T17:02:36Z,2024-05-29T17:02:36Z,cooperative,9,1,1,1,NA,1,9,NA,FALSE,0,TRUE,1,1,TRUE,off,On,NA,NA,NA
20240529_140550_quarto,2024-05-29,quarto,2024-05-29T17:05:50Z,2024-05-29T17:05:50Z,cooperative,9,1,1,1,NA,2,8,7,FALSE,0,FALSE,0,0,TRUE,off,NA,NA,NA,NA
20240529_140626_quarto,2024-05-29,quarto,2024-05-29T17:06:26Z,2024-05-29T17:06:26Z,cooperative,9,1,1,1,NA,2,7,NA,FALSE,0,FALSE,0,0,TRUE,off,NA,NA,NA,NA
20240529_140810_quarto,2024-05-29,quarto,2024-05-29T17:08:10Z,2024-05-29T17:08:10Z,cooperative,9,1,1,1,NA,2,8,NA,FALSE,0,FALSE,0,0,TRUE,off,NA,NA,NA,NA
20240529_141058_quarto,2024-05-29,quarto,2024-05-29T17:10:58Z,2024-05-29T17:10:58Z,cooperative,9,1,1,1,NA,1,6,1,FALSE,0,FALSE,0,0,TRUE,off,NA,NA,NA,NA
20240529_141257_quarto,2024-05-29,quarto,2024-05-29T17:12:57Z,2024-05-29T17:12:57Z,cooperative,NA,1,1,1,NA,1,9,6,FALSE,0,FALSE,0,0,TRUE,off,NA,NA,NA,NA
20240529_141330_quarto,2024-05-29,quarto,2024-05-29T17:13:30Z,2024-05-29T17:13:30Z,cooperative,NA,1,1,1,NA,1,8,7,FALSE,0,TRUE,1,1,TRUE,off,NA,NA,NA,NA
20240529_141700_quarto,2024-05-29,quarto,2024-05-29T17:17:00Z,2024-05-29T17:17:00Z,cooperative,NA,1,1,1,NA,2,9,6,FALSE,0,TRUE,1,2,TRUE,off,NA,NA,NA,NA
20240529_141855_quarto,2024-05-29,quarto,2024-05-29T17:18:55Z,2024-05-29T17:18:55Z,cooperative,NA,1,1,1,NA,2,8,4,FALSE,0,FALSE,0,0,TRUE,off,NA,NA,NA,NA
20240529_142007_quarto,2024-05-29,quarto,2024-05-29T17:20:07Z,2024-05-29T17:20:07Z,cooperative,NA,1,1,1,NA,2,8,NA,FALSE,0,FALSE,0,0,TRUE,off,NA,NA,NA,NA
20240530_110358_tesoura,2024-05-30,tesoura,2024-05-30T14:03:58Z,2024-05-30T14:03:58Z,cooperative,3,1,1,1,NA,3,10,62,FALSE,0,FALSE,0,0,TRUE,on:11:04:20,on 169:11:04:10,NA,NA,NA
20240530_110505_tesoura,2024-05-30,tesoura,2024-05-30T14:05:05Z,2024-05-30T14:05:05Z,cooperative,3,1,1,1,NA,2,10,23,FALSE,0,TRUE,1,1,TRUE,on,on,NA,NA,NA
20240530_110709_tesoura,2024-05-30,tesoura,2024-05-30T14:07:09Z,2024-05-30T14:07:09Z,cooperative,3,1,1,1,NA,1,10,NA,FALSE,0,FALSE,0,0,TRUE,on,on,NA,NA,NA
20240530_110748_tesoura,2024-05-30,tesoura,2024-05-30T14:07:48Z,2024-05-30T14:07:48Z,cooperative,3,1,1,1,NA,1,10,89,FALSE,0,FALSE,0,0,TRUE,on,on,NA,NA,NA
20240530_111244_quarto,2024-05-30,quarto,2024-05-30T14:12:44Z,2024-05-30T14:12:44Z,cooperative,3,1,1,1,JH,3,6,89,FALSE,0,FALSE,0,0,TRUE,on,on,NA,NA,NA
20240530_111412_quarto,2024-05-30,quarto,2024-05-30T14:14:12Z,2024-05-30T14:14:12Z,cooperative,3,1,1,1,NA,2,7,NA,FALSE,0,FALSE,0,0,TRUE,on,on,NA,NA,NA
20240530_113041_quarto,2024-05-30,quarto,2024-05-30T14:30:41Z,2024-05-30T14:30:41Z,cooperative,4,1,1,1,NA,3,7,NA,FALSE,0,FALSE,0,0,TRUE,on,on,NA,NA,NA
20240530_113201_quarto,2024-05-30,quarto,2024-05-30T14:32:01Z,2024-05-30T14:32:01Z,cooperative,4,1,1,1,NA,5,7,89,FALSE,0,TRUE,1,1,TRUE,on,on,NA,NA,NA
20240530_113959_quarto,2024-05-30,quarto,2024-05-30T14:39:59Z,2024-05-30T14:39:59Z,cooperative,4,1,1,1,NA,1,8,21,FALSE,0,FALSE,0,0,TRUE,on,on,NA,NA,NA
20240530_121900_quarto,2024-05-30,quarto,2024-05-30T15:19:00Z,2024-05-30T15:19:00Z,cooperative,5,1,1,1,NA,4,11,50,FALSE,0,FALSE,0,0,TRUE,on,on,NA,NA,NA
20240531_120201_tesoura,2024-05-31,tesoura,2024-05-31T15:02:01Z,2024-05-31T15:02:01Z,cooperative,NA,1,1,1,NA,2,4,23;4,FALSE,0,FALSE,0,0,TRUE,off,off,NA,NA,NA
20240531_120659_tesoura,2024-05-31,tesoura,2024-05-31T15:06:59Z,2024-05-31T15:06:59Z,cooperative,NA,1,1,1,NA,2,8,NA,FALSE,0,TRUE,1,1,TRUE,off,off,NA,NA,NA
20240531_121623_tesoura,2024-05-31,tesoura,2024-05-31T15:16:23Z,2024-05-31T15:16:23Z,cooperative,NA,1,1,1,JH,2,3,NA,FALSE,0,FALSE,0,0,TRUE,off,off,6D,NA,NA
20240531_125625_tesoura,2024-05-31,tesoura,2024-05-31T15:56:25Z,2024-05-31T15:56:25Z,cooperative,5,1,1,1,NA,5,10,4;2;23,FALSE,0,FALSE,0,0,TRUE,on: 12:56:55,on 183: 12:56:55,NA,NA,NA
20240531_125753_tesoura,2024-05-31,tesoura,2024-05-31T15:57:53Z,2024-05-31T15:57:53Z,cooperative,5,1,1,1,NA,3,7,NA,FALSE,0,FALSE,NA,NA,TRUE,on,on,NA,NA,NA
20240531_125843_tesoura,2024-05-31,tesoura,2024-05-31T15:58:43Z,2024-05-31T15:58:43Z,cooperative,5,1,1,1,NA,2,13,NA,FALSE,0,TRUE,1,9,TRUE,on,on,NA,NA,NA
20240531_125921_tesoura,2024-05-31,tesoura,2024-05-31T15:59:21Z,2024-05-31T15:59:21Z,cooperative,5,1,1,1,NA,1,13,4,FALSE,0,TRUE,1,11,TRUE,on,on,NA,NA,NA
20240531_125959_tesoura,2024-05-31,tesoura,2024-05-31T15:59:59Z,2024-05-31T15:59:59Z,cooperative,5,1,1,1,NA,2,13,89,FALSE,0,TRUE,1,3,TRUE,on,on,NA,NA,NA
20240531_130024_tesoura,2024-05-31,tesoura,2024-05-31T16:00:24Z,2024-05-31T16:00:24Z,cooperative,5,1,1,1,NA,1,13,23,FALSE,0,FALSE,NA,NA,TRUE,on,on,NA,NA,NA
20240531_130114_tesoura,2024-05-31,tesoura,2024-05-31T16:01:14Z,2024-05-31T16:01:14Z,cooperative,5,1,1,1,NA,1,13,2,FALSE,0,FALSE,NA,NA,TRUE,on,on,NA,NA,NA
20240531_130141_tesoura,2024-05-31,tesoura,2024-05-31T16:01:41Z,2024-05-31T16:01:41Z,cooperative,5,1,1,1,NA,2,13,NA,FALSE,0,FALSE,NA,NA,TRUE,on,on,NA,NA,NA
20240531_130202_tesoura,2024-05-31,tesoura,2024-05-31T16:02:02Z,2024-05-31T16:02:02Z,cooperative,5,1,1,1,NA,2,13,23;89,FALSE,0,FALSE,NA,NA,TRUE,on,on,NA,NA,NA
20240531_131350_quarto,2024-05-31,quarto,2024-05-31T16:13:50Z,2024-05-31T16:13:50Z,cooperative,NA,1,1,1,NA,2,4,NA,FALSE,0,FALSE,0,0,TRUE,off,off,NA,NA,NA
20240531_132313_quarto,2024-05-31,quarto,2024-05-31T16:23:13Z,2024-05-31T16:23:13Z,cooperative,NA,1,1,1,NA,3,4,NA,FALSE,0,FALSE,2,0,TRUE,off,off,NA,NA,CHECK FISH
20240531_132652_tesoura,2024-05-31,tesoura,2024-05-31T16:26:52Z,2024-05-31T16:26:52Z,cooperative,NA,1,1,1,NA,2,11,50;2,FALSE,0,FALSE,0,0,TRUE,off,off,NA,NA,NA
20240531_132712_tesoura,2024-05-31,tesoura,2024-05-31T16:27:12Z,2024-05-31T16:27:12Z,cooperative,NA,1,1,1,NA,1,11,4,FALSE,0,FALSE,0,0,TRUE,off,off,NA,NA,NA
20240531_132720_tesoura,2024-05-31,tesoura,2024-05-31T16:27:20Z,2024-05-31T16:27:20Z,cooperative,NA,1,1,1,NA,2,11,NA,FALSE,0,TRUE,1,1,TRUE,off,off,6D,4858,NA
20240531_132842_tesoura,2024-05-31,tesoura,2024-05-31T16:28:42Z,2024-05-31T16:28:42Z,cooperative,NA,1,1,1,NA,1,11,4,FALSE,0,FALSE,0,0,TRUE,off,off,6D,4860,NA
20240601_091253_tesoura,2024-06-01,tesoura,2024-06-01T12:12:53Z,2024-06-01T12:12:53Z,cooperative,1,1,1,1,NA,2,5,NA,FALSE,0,FALSE,0,0,TRUE,off,on 186: 09:10:00,NA,7496,NA
20240601_091404_tesoura,2024-06-01,tesoura,2024-06-01T12:14:04Z,2024-06-01T12:14:04Z,cooperative,1,1,1,1,NA,1,7,NA,FALSE,0,FALSE,0,0,TRUE,off,on,NA,NA,NA
20240601_091427_tesoura,2024-06-01,tesoura,2024-06-01T12:14:27Z,2024-06-01T12:14:27Z,cooperative,1,1,1,1,JH,1,7,NA,FALSE,0,FALSE,0,0,TRUE,off,on,NA,7500,NA
20240601_091535_tesoura,2024-06-01,tesoura,2024-06-01T12:15:35Z,2024-06-01T12:15:35Z,cooperative,1,1,1,1,NA,1,7,NA,FALSE,0,FALSE,0,0,TRUE,off,on,NA,7502,NA
20240601_092438_quarto,2024-06-01,quarto,2024-06-01T12:24:38Z,2024-06-01T12:24:38Z,cooperative,2,1,1,1,NA,2,5,NA,FALSE,0,FALSE,0,0,TRUE,on: 09:20:55,on 187: 09:20:00,NA,7521,NA
20240601_092503_quarto,2024-06-01,quarto,2024-06-01T12:25:03Z,2024-06-01T12:25:03Z,cooperative,2,1,1,1,NA,2,5,NA,FALSE,0,FALSE,0,0,TRUE,on,on,NA,NA,NA
20240601_092609_quarto,2024-06-01,quarto,2024-06-01T12:26:09Z,2024-06-01T12:26:09Z,cooperative,2,1,1,1,NA,2,5,NA,FALSE,0,FALSE,0,0,TRUE,on,on,NA,NA,NA
20240601_093121_tesoura,2024-06-01,tesoura,2024-06-01T12:31:21Z,2024-06-01T12:31:21Z,cooperative,2,1,2,1,NA,2,5,21,FALSE,0,FALSE,0,0,TRUE,on,on,NA,7528,NA
20240601_093235_tesoura,2024-06-01,tesoura,2024-06-01T12:32:35Z,2024-06-01T12:32:35Z,cooperative,2,1,2,1,NA,1,5,NA,FALSE,0,FALSE,0,0,TRUE,on,on,NA,7533,NA
20240601_100335_tesoura,2024-06-01,tesoura,2024-06-01T13:03:35Z,2024-06-01T13:03:35Z,cooperative,NA,1,3,1,NA,1,8,50,FALSE,0,FALSE,0,0,TRUE,off,off,NA,7563,NA
20240601_100427_tesoura,2024-06-01,tesoura,2024-06-01T13:04:27Z,2024-06-01T13:04:27Z,cooperative,4,1,3,1,NA,1,8,NA,FALSE,0,FALSE,0,0,TRUE,on: 10:05:00,on 190: 10:05:00,NA,7568,NA
20240601_100757_tesoura,2024-06-01,tesoura,2024-06-01T13:07:57Z,2024-06-01T13:07:57Z,cooperative,4,1,3,1,NA,1,8,NA,FALSE,0,FALSE,0,0,TRUE,on,on,NA,7571,NA
20240601_100844_tesoura,2024-06-01,tesoura,2024-06-01T13:08:44Z,2024-06-01T13:08:44Z,cooperative,4,1,3,1,NA,2,8,NA,FALSE,0,FALSE,0,0,TRUE,on,on,NA,7573,NA
20240601_100923_tesoura,2024-06-01,tesoura,2024-06-01T13:09:23Z,2024-06-01T13:09:23Z,cooperative,4,1,3,1,NA,1,9,NA,FALSE,0,FALSE,0,0,TRUE,on,on,NA,7576,NA
20240601_102446_tesoura,2024-06-01,tesoura,2024-06-01T13:24:46Z,2024-06-01T13:24:46Z,cooperative,NA,1,3,1,NA,3,12,NA,FALSE,0,FALSE,0,0,TRUE,off: 10:18:18,off 10:18:00,NA,7589,NA
20240601_104322_tesoura,2024-06-01,tesoura,2024-06-01T13:43:22Z,2024-06-01T13:43:22Z,cooperative,5,1,3,1,NA,5,14,4;79;89;6,FALSE,0,FALSE,0,0,TRUE,on: 10:41:10,on 191: 10:41:00,NA,7696,NA
20240601_105342_tesoura,2024-06-01,tesoura,2024-06-01T13:53:42Z,2024-06-01T13:53:42Z,cooperative,5,1,3,1,NA,3,16,50,FALSE,0,FALSE,0,0,TRUE,on,on,NA,NA,NA
20240601_105427_tesoura,2024-06-01,tesoura,2024-06-01T13:54:27Z,2024-06-01T13:54:27Z,cooperative,5,1,3,1,NA,3,16,6;21,FALSE,0,FALSE,0,0,TRUE,on,on,NA,NA,NA
20240601_110809_tesoura,2024-06-01,tesoura,2024-06-01T14:08:09Z,2024-06-01T14:08:09Z,cooperative,NA,1,3,1,NA,3,14,6;89,FALSE,0,FALSE,0,0,TRUE,off: 10:54:00,off 10:54:00,NA,7758,NA
20240601_111529_tesoura,2024-06-01,tesoura,2024-06-01T14:15:29Z,2024-06-01T14:15:29Z,cooperative,NA,1,3,1,NA,2,17,NA,FALSE,0,FALSE,0,0,TRUE,off,off,NA,NA,NA
20240601_111600_tesoura,2024-06-01,tesoura,2024-06-01T14:16:00Z,2024-06-01T14:16:00Z,cooperative,NA,1,3,1,JH,1,17,NA,FALSE,0,FALSE,0,0,TRUE,off,off,NA,NA,NA
20240601_111617_tesoura,2024-06-01,tesoura,2024-06-01T14:16:17Z,2024-06-01T14:16:17Z,cooperative,NA,1,3,1,NA,1,17,NA,FALSE,0,FALSE,0,0,TRUE,off,off,NA,NA,NA
20240601_111753_tesoura,2024-06-01,tesoura,2024-06-01T14:17:53Z,2024-06-01T14:17:53Z,cooperative,NA,1,3,1,NA,5,17,79;50,FALSE,0,FALSE,0,0,TRUE,off,off,NA,7774,NA
20240601_112550_tesoura,2024-06-01,tesoura,2024-06-01T14:25:50Z,2024-06-01T14:25:50Z,cooperative,NA,1,3,1,NA,3,16,50,FALSE,0,FALSE,0,0,TRUE,off,off,NA,7803,NA
20240601_112637_tesoura,2024-06-01,tesoura,2024-06-01T14:26:37Z,2024-06-01T14:26:37Z,cooperative,NA,1,3,1,NA,4,16,NA,FALSE,0,FALSE,0,0,TRUE,off,off,NA,7811,NA
20240601_121612_tesoura,2024-06-01,tesoura,2024-06-01T15:16:12Z,2024-06-01T15:16:12Z,cooperative,7,1,NA,1,NA,4,17,50,FALSE,0,FALSE,0,0,TRUE,off,on,NA,NA,NA
20240601_124621_quarto,2024-06-01,quarto,2024-06-01T15:46:21Z,2024-06-01T15:46:21Z,cooperative,NA,1,1,1,NA,1,4,NA,FALSE,0,TRUE,1,3,TRUE,off,off,NA,NA,NA
20240601_132939_tesoura,2024-06-01,tesoura,2024-06-01T16:29:39Z,2024-06-01T16:29:39Z,cooperative,NA,1,3,1,NA,8,20,23;50;5;79;21,FALSE,0,FALSE,0,0,TRUE,off,off,NA,7987,NA
20240601_134210_quarto,2024-06-01,quarto,2024-06-01T16:42:10Z,2024-06-01T16:42:10Z,cooperative,8,1,2,1,NA,3,11,NA,FALSE,0,TRUE,1,3,TRUE,off,on,NA,7992,NA
20240601_134356_tesoura,2024-06-01,tesoura,2024-06-01T16:43:56Z,2024-06-01T16:43:56Z,cooperative,8,1,2,1,NA,4,18,NA,FALSE,0,FALSE,0,0,TRUE,off,on,NA,7999,NA
20240601_135305_quarto,2024-06-01,quarto,2024-06-01T16:53:05Z,2024-06-01T16:53:05Z,cooperative,8,1,2,1,NA,2,10,NA,FALSE,0,FALSE,0,0,TRUE,off,on,NA,NA,NA
